년도,지역,상세지역,성별,연령대,분야,건수
2019,경상남도,경상남도 거제시,남,10,교통 분야,2
2019,경상남도,경상남도 거제시,남,10,도로 분야,2
2019,경상남도,경상남도 거제시,남,20,교통 분야,8
2019,경상남도,경상남도 거제시,남,20,도로 분야,3
2019,경상남도,경상남도 거제시,남,30,교통 분야,28
2019,경상남도,경상남도 거제시,남,30,도로 분야,15
2019,경상남도,경상남도 거제시,남,40,교통 분야,21
2019,경상남도,경상남도 거제시,남,40,도로 분야,28
2019,경상남도,경상남도 거제시,남,50,교통 분야,8
2019,경상남도,경상남도 거제시,남,50,도로 분야,21
2019,경상남도,경상남도 거제시,남,60,교통 분야,3
2019,경상남도,경상남도 거제시,남,60,도로 분야,5
2019,경상남도,경상남도 거제시,여,10,교통 분야,2
2019,경상남도,경상남도 거제시,여,10,도로 분야,1
2019,경상남도,경상남도 거제시,여,20,교통 분야,7
2019,경상남도,경상남도 거제시,여,20,도로 분야,3
2019,경상남도,경상남도 거제시,여,30,교통 분야,15
2019,경상남도,경상남도 거제시,여,30,도로 분야,11
2019,경상남도,경상남도 거제시,여,40,교통 분야,14
2019,경상남도,경상남도 거제시,여,40,도로 분야,11
2019,경상남도,경상남도 거제시,여,50,교통 분야,6
2019,경상남도,경상남도 거제시,여,50,도로 분야,9
2019,경상남도,경상남도 거제시,여,70,교통 분야,1
2019,경상남도,경상남도 거창군,남,20,교통 분야,2
2019,경상남도,경상남도 거창군,남,20,도로 분야,3
2019,경상남도,경상남도 거창군,남,30,교통 분야,3
2019,경상남도,경상남도 거창군,남,30,도로 분야,1
2019,경상남도,경상남도 거창군,남,40,교통 분야,6
2019,경상남도,경상남도 거창군,남,40,도로 분야,9
2019,경상남도,경상남도 거창군,남,50,도로 분야,4
2019,경상남도,경상남도 거창군,남,60,교통 분야,1
2019,경상남도,경상남도 거창군,남,60,도로 분야,2
2019,경상남도,경상남도 거창군,여,10,도로 분야,1
2019,경상남도,경상남도 거창군,여,20,교통 분야,2
2019,경상남도,경상남도 거창군,여,30,교통 분야,4
2019,경상남도,경상남도 거창군,여,30,도로 분야,2
2019,경상남도,경상남도 거창군,여,40,교통 분야,2
2019,경상남도,경상남도 거창군,여,40,도로 분야,2
2019,경상남도,경상남도 고성군,남,30,교통 분야,1
2019,경상남도,경상남도 고성군,남,30,도로 분야,3
2019,경상남도,경상남도 고성군,남,40,교통 분야,2
2019,경상남도,경상남도 고성군,남,40,도로 분야,7
2019,경상남도,경상남도 고성군,남,50,교통 분야,5
2019,경상남도,경상남도 고성군,남,50,도로 분야,4
2019,경상남도,경상남도 고성군,남,60,도로 분야,1
2019,경상남도,경상남도 고성군,여,20,교통 분야,1
2019,경상남도,경상남도 고성군,여,40,도로 분야,2
2019,경상남도,경상남도 김해시,남,10,교통 분야,1
2019,경상남도,경상남도 김해시,남,20,교통 분야,39
2019,경상남도,경상남도 김해시,남,20,도로 분야,18
2019,경상남도,경상남도 김해시,남,30,교통 분야,50
2019,경상남도,경상남도 김해시,남,30,도로 분야,46
2019,경상남도,경상남도 김해시,남,40,교통 분야,54
2019,경상남도,경상남도 김해시,남,40,도로 분야,48
2019,경상남도,경상남도 김해시,남,50,교통 분야,29
2019,경상남도,경상남도 김해시,남,50,도로 분야,30
2019,경상남도,경상남도 김해시,남,60,교통 분야,20
2019,경상남도,경상남도 김해시,남,60,도로 분야,14
2019,경상남도,경상남도 김해시,여,10,교통 분야,6
2019,경상남도,경상남도 김해시,여,10,도로 분야,2
2019,경상남도,경상남도 김해시,여,20,교통 분야,35
2019,경상남도,경상남도 김해시,여,20,도로 분야,17
2019,경상남도,경상남도 김해시,여,30,교통 분야,37
2019,경상남도,경상남도 김해시,여,30,도로 분야,24
2019,경상남도,경상남도 김해시,여,40,교통 분야,36
2019,경상남도,경상남도 김해시,여,40,도로 분야,16
2019,경상남도,경상남도 김해시,여,50,교통 분야,4
2019,경상남도,경상남도 김해시,여,50,도로 분야,10
2019,경상남도,경상남도 김해시,여,60,교통 분야,2
2019,경상남도,경상남도 남해군,남,20,도로 분야,2
2019,경상남도,경상남도 남해군,남,30,교통 분야,1
2019,경상남도,경상남도 남해군,남,30,도로 분야,2
2019,경상남도,경상남도 남해군,남,40,교통 분야,4
2019,경상남도,경상남도 남해군,남,40,도로 분야,7
2019,경상남도,경상남도 남해군,남,50,교통 분야,1
2019,경상남도,경상남도 남해군,남,50,도로 분야,1
2019,경상남도,경상남도 남해군,남,60,교통 분야,1
2019,경상남도,경상남도 남해군,남,60,도로 분야,3
2019,경상남도,경상남도 남해군,남,70,도로 분야,2
2019,경상남도,경상남도 남해군,여,20,교통 분야,1
2019,경상남도,경상남도 남해군,여,20,도로 분야,1
2019,경상남도,경상남도 남해군,여,30,교통 분야,2
2019,경상남도,경상남도 남해군,여,50,도로 분야,1
2019,경상남도,경상남도 남해군,여,60,도로 분야,1
2019,경상남도,경상남도 밀양시,남,20,교통 분야,1
2019,경상남도,경상남도 밀양시,남,20,도로 분야,4
2019,경상남도,경상남도 밀양시,남,30,교통 분야,12
2019,경상남도,경상남도 밀양시,남,30,도로 분야,6
2019,경상남도,경상남도 밀양시,남,40,교통 분야,8
2019,경상남도,경상남도 밀양시,남,40,도로 분야,17
2019,경상남도,경상남도 밀양시,남,50,도로 분야,8
2019,경상남도,경상남도 밀양시,남,60,교통 분야,1
2019,경상남도,경상남도 밀양시,남,60,도로 분야,2
2019,경상남도,경상남도 밀양시,남,70,교통 분야,1
2019,경상남도,경상남도 밀양시,여,20,교통 분야,3
2019,경상남도,경상남도 밀양시,여,30,교통 분야,1
2019,경상남도,경상남도 밀양시,여,30,도로 분야,2
2019,경상남도,경상남도 밀양시,여,40,교통 분야,2
2019,경상남도,경상남도 밀양시,여,40,도로 분야,5
2019,경상남도,경상남도 밀양시,여,50,교통 분야,1
2019,경상남도,경상남도 밀양시,여,50,도로 분야,5
2019,경상남도,경상남도 밀양시,여,60,도로 분야,1
2019,경상남도,경상남도 밀양시,여,80,교통 분야,1
2019,경상남도,경상남도 사천시,남,20,교통 분야,7
2019,경상남도,경상남도 사천시,남,20,도로 분야,1
2019,경상남도,경상남도 사천시,남,30,교통 분야,6
2019,경상남도,경상남도 사천시,남,30,도로 분야,10
2019,경상남도,경상남도 사천시,남,40,교통 분야,9
2019,경상남도,경상남도 사천시,남,40,도로 분야,10
2019,경상남도,경상남도 사천시,남,50,교통 분야,1
2019,경상남도,경상남도 사천시,남,50,도로 분야,4
2019,경상남도,경상남도 사천시,남,60,교통 분야,1
2019,경상남도,경상남도 사천시,남,60,도로 분야,2
2019,경상남도,경상남도 사천시,남,70,도로 분야,3
2019,경상남도,경상남도 사천시,여,20,교통 분야,8
2019,경상남도,경상남도 사천시,여,30,교통 분야,5
2019,경상남도,경상남도 사천시,여,30,도로 분야,7
2019,경상남도,경상남도 사천시,여,40,교통 분야,3
2019,경상남도,경상남도 사천시,여,40,도로 분야,1
2019,경상남도,경상남도 사천시,여,50,도로 분야,1
2019,경상남도,경상남도 사천시,여,60,교통 분야,1
2019,경상남도,경상남도 사천시,여,60,도로 분야,1
2019,경상남도,경상남도 사천시,여,70,도로 분야,1
2019,경상남도,경상남도 산청군,남,30,도로 분야,1
2019,경상남도,경상남도 산청군,남,50,도로 분야,1
2019,경상남도,경상남도 산청군,남,60,도로 분야,2
2019,경상남도,경상남도 산청군,여,30,도로 분야,2
2019,경상남도,경상남도 산청군,여,40,도로 분야,2
2019,경상남도,경상남도 양산시,남,10,교통 분야,1
2019,경상남도,경상남도 양산시,남,20,교통 분야,20
2019,경상남도,경상남도 양산시,남,20,도로 분야,11
2019,경상남도,경상남도 양산시,남,30,교통 분야,49
2019,경상남도,경상남도 양산시,남,30,도로 분야,50
2019,경상남도,경상남도 양산시,남,40,교통 분야,34
2019,경상남도,경상남도 양산시,남,40,도로 분야,44
2019,경상남도,경상남도 양산시,남,50,교통 분야,10
2019,경상남도,경상남도 양산시,남,50,도로 분야,22
2019,경상남도,경상남도 양산시,남,60,교통 분야,14
2019,경상남도,경상남도 양산시,남,60,도로 분야,16
2019,경상남도,경상남도 양산시,남,70,도로 분야,1
2019,경상남도,경상남도 양산시,여,20,교통 분야,16
2019,경상남도,경상남도 양산시,여,20,도로 분야,7
2019,경상남도,경상남도 양산시,여,30,교통 분야,33
2019,경상남도,경상남도 양산시,여,30,도로 분야,19
2019,경상남도,경상남도 양산시,여,40,교통 분야,16
2019,경상남도,경상남도 양산시,여,40,도로 분야,6
2019,경상남도,경상남도 양산시,여,50,교통 분야,3
2019,경상남도,경상남도 양산시,여,50,도로 분야,8
2019,경상남도,경상남도 양산시,여,60,교통 분야,1
2019,경상남도,경상남도 양산시,여,60,도로 분야,1
2019,경상남도,경상남도 의령군,남,30,도로 분야,1
2019,경상남도,경상남도 의령군,남,40,교통 분야,1
2019,경상남도,경상남도 의령군,남,40,도로 분야,6
2019,경상남도,경상남도 의령군,남,50,도로 분야,5
2019,경상남도,경상남도 의령군,남,60,도로 분야,1
2019,경상남도,경상남도 의령군,여,20,교통 분야,1
2019,경상남도,경상남도 의령군,여,30,교통 분야,1
2019,경상남도,경상남도 의령군,여,40,도로 분야,1
2019,경상남도,경상남도 의령군,여,50,도로 분야,1
2019,경상남도,경상남도 진주시,남,10,교통 분야,4
2019,경상남도,경상남도 진주시,남,20,교통 분야,40
2019,경상남도,경상남도 진주시,남,20,도로 분야,9
2019,경상남도,경상남도 진주시,남,30,교통 분야,55
2019,경상남도,경상남도 진주시,남,30,도로 분야,18
2019,경상남도,경상남도 진주시,남,40,교통 분야,30
2019,경상남도,경상남도 진주시,남,40,도로 분야,45
2019,경상남도,경상남도 진주시,남,50,교통 분야,27
2019,경상남도,경상남도 진주시,남,50,도로 분야,20
2019,경상남도,경상남도 진주시,남,60,교통 분야,5
2019,경상남도,경상남도 진주시,남,60,도로 분야,8
2019,경상남도,경상남도 진주시,남,70,교통 분야,2
2019,경상남도,경상남도 진주시,여,10,교통 분야,6
2019,경상남도,경상남도 진주시,여,20,교통 분야,48
2019,경상남도,경상남도 진주시,여,20,도로 분야,15
2019,경상남도,경상남도 진주시,여,30,교통 분야,33
2019,경상남도,경상남도 진주시,여,30,도로 분야,11
2019,경상남도,경상남도 진주시,여,40,교통 분야,20
2019,경상남도,경상남도 진주시,여,40,도로 분야,13
2019,경상남도,경상남도 진주시,여,50,교통 분야,2
2019,경상남도,경상남도 진주시,여,50,도로 분야,3
2019,경상남도,경상남도 진주시,여,60,교통 분야,1
2019,경상남도,경상남도 진주시,여,60,도로 분야,3
2019,경상남도,경상남도 창녕군,남,20,교통 분야,6
2019,경상남도,경상남도 창녕군,남,20,도로 분야,194
2019,경상남도,경상남도 창녕군,남,30,교통 분야,14
2019,경상남도,경상남도 창녕군,남,30,도로 분야,3
2019,경상남도,경상남도 창녕군,남,40,교통 분야,2
2019,경상남도,경상남도 창녕군,남,40,도로 분야,3
2019,경상남도,경상남도 창녕군,남,50,교통 분야,2
2019,경상남도,경상남도 창녕군,남,50,도로 분야,2
2019,경상남도,경상남도 창녕군,남,60,도로 분야,8
2019,경상남도,경상남도 창녕군,여,20,도로 분야,1
2019,경상남도,경상남도 창녕군,여,30,교통 분야,2
2019,경상남도,경상남도 창녕군,여,30,도로 분야,2
2019,경상남도,경상남도 창녕군,여,50,도로 분야,1
2019,경상남도,경상남도 창원시 마산합포구,남,20,교통 분야,5
2019,경상남도,경상남도 창원시 마산합포구,남,20,도로 분야,3
2019,경상남도,경상남도 창원시 마산합포구,남,30,교통 분야,29
2019,경상남도,경상남도 창원시 마산합포구,남,30,도로 분야,19
2019,경상남도,경상남도 창원시 마산합포구,남,40,교통 분야,15
2019,경상남도,경상남도 창원시 마산합포구,남,40,도로 분야,10
2019,경상남도,경상남도 창원시 마산합포구,남,50,교통 분야,3
2019,경상남도,경상남도 창원시 마산합포구,남,50,도로 분야,5
2019,경상남도,경상남도 창원시 마산합포구,남,60,도로 분야,7
2019,경상남도,경상남도 창원시 마산합포구,여,20,교통 분야,2
2019,경상남도,경상남도 창원시 마산합포구,여,20,도로 분야,1
2019,경상남도,경상남도 창원시 마산합포구,여,30,교통 분야,5
2019,경상남도,경상남도 창원시 마산합포구,여,30,도로 분야,2
2019,경상남도,경상남도 창원시 마산합포구,여,40,교통 분야,5
2019,경상남도,경상남도 창원시 마산합포구,여,40,도로 분야,3
2019,경상남도,경상남도 창원시 마산합포구,여,50,도로 분야,5
2019,경상남도,경상남도 창원시 마산회원구,남,20,교통 분야,5
2019,경상남도,경상남도 창원시 마산회원구,남,20,도로 분야,2
2019,경상남도,경상남도 창원시 마산회원구,남,30,교통 분야,16
2019,경상남도,경상남도 창원시 마산회원구,남,30,도로 분야,8
2019,경상남도,경상남도 창원시 마산회원구,남,40,교통 분야,25
2019,경상남도,경상남도 창원시 마산회원구,남,40,도로 분야,16
2019,경상남도,경상남도 창원시 마산회원구,남,50,교통 분야,7
2019,경상남도,경상남도 창원시 마산회원구,남,50,도로 분야,9
2019,경상남도,경상남도 창원시 마산회원구,남,60,교통 분야,4
2019,경상남도,경상남도 창원시 마산회원구,남,60,도로 분야,3
2019,경상남도,경상남도 창원시 마산회원구,남,70,교통 분야,1
2019,경상남도,경상남도 창원시 마산회원구,남,70,도로 분야,1
2019,경상남도,경상남도 창원시 마산회원구,여,20,교통 분야,2
2019,경상남도,경상남도 창원시 마산회원구,여,30,교통 분야,7
2019,경상남도,경상남도 창원시 마산회원구,여,30,도로 분야,3
2019,경상남도,경상남도 창원시 마산회원구,여,40,교통 분야,3
2019,경상남도,경상남도 창원시 마산회원구,여,40,도로 분야,7
2019,경상남도,경상남도 창원시 마산회원구,여,50,교통 분야,3
2019,경상남도,경상남도 창원시 마산회원구,여,50,도로 분야,2
2019,경상남도,경상남도 창원시 성산구,남,10,교통 분야,2
2019,경상남도,경상남도 창원시 성산구,남,20,교통 분야,13
2019,경상남도,경상남도 창원시 성산구,남,20,도로 분야,3
2019,경상남도,경상남도 창원시 성산구,남,30,교통 분야,28
2019,경상남도,경상남도 창원시 성산구,남,30,도로 분야,10
2019,경상남도,경상남도 창원시 성산구,남,40,교통 분야,15
2019,경상남도,경상남도 창원시 성산구,남,40,도로 분야,6
2019,경상남도,경상남도 창원시 성산구,남,50,교통 분야,6
2019,경상남도,경상남도 창원시 성산구,남,50,도로 분야,8
2019,경상남도,경상남도 창원시 성산구,남,60,교통 분야,5
2019,경상남도,경상남도 창원시 성산구,남,60,도로 분야,3
2019,경상남도,경상남도 창원시 성산구,남,70,도로 분야,1
2019,경상남도,경상남도 창원시 성산구,여,10,교통 분야,1
2019,경상남도,경상남도 창원시 성산구,여,20,교통 분야,8
2019,경상남도,경상남도 창원시 성산구,여,20,도로 분야,1
2019,경상남도,경상남도 창원시 성산구,여,30,교통 분야,15
2019,경상남도,경상남도 창원시 성산구,여,30,도로 분야,3
2019,경상남도,경상남도 창원시 성산구,여,40,교통 분야,4
2019,경상남도,경상남도 창원시 성산구,여,40,도로 분야,3
2019,경상남도,경상남도 창원시 성산구,여,50,교통 분야,4
2019,경상남도,경상남도 창원시 성산구,여,50,도로 분야,1
2019,경상남도,경상남도 창원시 성산구,여,60,교통 분야,2
2019,경상남도,경상남도 창원시 의창구,남,10,도로 분야,2
2019,경상남도,경상남도 창원시 의창구,남,20,교통 분야,9
2019,경상남도,경상남도 창원시 의창구,남,20,도로 분야,5
2019,경상남도,경상남도 창원시 의창구,남,30,교통 분야,25
2019,경상남도,경상남도 창원시 의창구,남,30,도로 분야,10
2019,경상남도,경상남도 창원시 의창구,남,40,교통 분야,11
2019,경상남도,경상남도 창원시 의창구,남,40,도로 분야,15
2019,경상남도,경상남도 창원시 의창구,남,50,교통 분야,8
2019,경상남도,경상남도 창원시 의창구,남,50,도로 분야,12
2019,경상남도,경상남도 창원시 의창구,남,60,교통 분야,3
2019,경상남도,경상남도 창원시 의창구,남,60,도로 분야,8
2019,경상남도,경상남도 창원시 의창구,남,70,도로 분야,1
2019,경상남도,경상남도 창원시 의창구,여,20,교통 분야,11
2019,경상남도,경상남도 창원시 의창구,여,20,도로 분야,3
2019,경상남도,경상남도 창원시 의창구,여,30,교통 분야,6
2019,경상남도,경상남도 창원시 의창구,여,30,도로 분야,10
2019,경상남도,경상남도 창원시 의창구,여,40,교통 분야,6
2019,경상남도,경상남도 창원시 의창구,여,40,도로 분야,2
2019,경상남도,경상남도 창원시 의창구,여,50,교통 분야,3
2019,경상남도,경상남도 창원시 의창구,여,50,도로 분야,1
2019,경상남도,경상남도 창원시 의창구,여,60,도로 분야,3
2019,경상남도,경상남도 창원시 진해구,남,10,교통 분야,1
2019,경상남도,경상남도 창원시 진해구,남,20,교통 분야,6
2019,경상남도,경상남도 창원시 진해구,남,20,도로 분야,3
2019,경상남도,경상남도 창원시 진해구,남,30,교통 분야,17
2019,경상남도,경상남도 창원시 진해구,남,30,도로 분야,11
2019,경상남도,경상남도 창원시 진해구,남,40,교통 분야,75
2019,경상남도,경상남도 창원시 진해구,남,40,도로 분야,21
2019,경상남도,경상남도 창원시 진해구,남,50,교통 분야,5
2019,경상남도,경상남도 창원시 진해구,남,50,도로 분야,11
2019,경상남도,경상남도 창원시 진해구,남,60,도로 분야,3
2019,경상남도,경상남도 창원시 진해구,여,20,교통 분야,6
2019,경상남도,경상남도 창원시 진해구,여,20,도로 분야,1
2019,경상남도,경상남도 창원시 진해구,여,30,교통 분야,7
2019,경상남도,경상남도 창원시 진해구,여,30,도로 분야,2
2019,경상남도,경상남도 창원시 진해구,여,40,교통 분야,12
2019,경상남도,경상남도 창원시 진해구,여,40,도로 분야,4
2019,경상남도,경상남도 창원시 진해구,여,50,교통 분야,2
2019,경상남도,경상남도 창원시 진해구,여,50,도로 분야,2
2019,경상남도,경상남도 창원시 진해구,여,60,교통 분야,1
2019,경상남도,경상남도 통영시,남,20,교통 분야,5
2019,경상남도,경상남도 통영시,남,20,도로 분야,2
2019,경상남도,경상남도 통영시,남,30,교통 분야,13
2019,경상남도,경상남도 통영시,남,30,도로 분야,9
2019,경상남도,경상남도 통영시,남,40,교통 분야,4
2019,경상남도,경상남도 통영시,남,40,도로 분야,41
2019,경상남도,경상남도 통영시,남,50,교통 분야,4
2019,경상남도,경상남도 통영시,남,50,도로 분야,10
2019,경상남도,경상남도 통영시,남,60,교통 분야,1
2019,경상남도,경상남도 통영시,남,60,도로 분야,5
2019,경상남도,경상남도 통영시,여,20,교통 분야,4
2019,경상남도,경상남도 통영시,여,20,도로 분야,3
2019,경상남도,경상남도 통영시,여,30,교통 분야,9
2019,경상남도,경상남도 통영시,여,30,도로 분야,2
2019,경상남도,경상남도 통영시,여,40,교통 분야,6
2019,경상남도,경상남도 통영시,여,40,도로 분야,7
2019,경상남도,경상남도 통영시,여,50,교통 분야,1
2019,경상남도,경상남도 통영시,여,50,도로 분야,4
2019,경상남도,경상남도 통영시,여,60,교통 분야,1
2019,경상남도,경상남도 통영시,여,60,도로 분야,1
2019,경상남도,경상남도 통영시,여,70,도로 분야,1
2019,경상남도,경상남도 하동군,남,20,도로 분야,1
2019,경상남도,경상남도 하동군,남,30,교통 분야,1
2019,경상남도,경상남도 하동군,남,30,도로 분야,5
2019,경상남도,경상남도 하동군,남,40,교통 분야,2
2019,경상남도,경상남도 하동군,남,40,도로 분야,4
2019,경상남도,경상남도 하동군,남,50,도로 분야,3
2019,경상남도,경상남도 하동군,남,60,교통 분야,1
2019,경상남도,경상남도 하동군,남,60,도로 분야,3
2019,경상남도,경상남도 하동군,여,20,교통 분야,2
2019,경상남도,경상남도 하동군,여,20,도로 분야,2
2019,경상남도,경상남도 하동군,여,40,교통 분야,1
2019,경상남도,경상남도 함안군,남,10,도로 분야,1
2019,경상남도,경상남도 함안군,남,20,교통 분야,1
2019,경상남도,경상남도 함안군,남,20,도로 분야,1
2019,경상남도,경상남도 함안군,남,30,교통 분야,5
2019,경상남도,경상남도 함안군,남,30,도로 분야,9
2019,경상남도,경상남도 함안군,남,40,교통 분야,2
2019,경상남도,경상남도 함안군,남,40,도로 분야,6
2019,경상남도,경상남도 함안군,남,50,교통 분야,2
2019,경상남도,경상남도 함안군,남,50,도로 분야,1
2019,경상남도,경상남도 함안군,남,60,교통 분야,4
2019,경상남도,경상남도 함안군,남,60,도로 분야,12
2019,경상남도,경상남도 함안군,여,20,교통 분야,3
2019,경상남도,경상남도 함안군,여,20,도로 분야,5
2019,경상남도,경상남도 함안군,여,30,교통 분야,2
2019,경상남도,경상남도 함안군,여,30,도로 분야,4
2019,경상남도,경상남도 함안군,여,40,교통 분야,2
2019,경상남도,경상남도 함안군,여,40,도로 분야,1
2019,경상남도,경상남도 함양군,남,20,교통 분야,1
2019,경상남도,경상남도 함양군,남,30,교통 분야,1
2019,경상남도,경상남도 함양군,남,30,도로 분야,2
2019,경상남도,경상남도 함양군,남,40,도로 분야,9
2019,경상남도,경상남도 함양군,남,50,교통 분야,3
2019,경상남도,경상남도 함양군,남,50,도로 분야,2
2019,경상남도,경상남도 함양군,남,60,교통 분야,4
2019,경상남도,경상남도 함양군,남,60,도로 분야,1
2019,경상남도,경상남도 함양군,여,40,교통 분야,1
2019,경상남도,경상남도 함양군,여,50,교통 분야,1
2019,경상남도,경상남도 합천군,남,20,교통 분야,1
2019,경상남도,경상남도 합천군,남,30,교통 분야,1
2019,경상남도,경상남도 합천군,남,30,도로 분야,1
2019,경상남도,경상남도 합천군,남,40,교통 분야,1
2019,경상남도,경상남도 합천군,남,40,도로 분야,3
2019,경상남도,경상남도 합천군,남,60,도로 분야,2
2019,경상남도,경상남도 합천군,여,20,교통 분야,1
2019,경상남도,경상남도 합천군,여,40,도로 분야,1
2018,경상남도,경상남도,남,30,도로 분야,2
2018,경상남도,경상남도 거제시,남,10,교통 분야,4
2018,경상남도,경상남도 거제시,남,20,교통 분야,15
2018,경상남도,경상남도 거제시,남,20,도로 분야,12
2018,경상남도,경상남도 거제시,남,30,교통 분야,58
2018,경상남도,경상남도 거제시,남,30,도로 분야,59
2018,경상남도,경상남도 거제시,남,40,교통 분야,33
2018,경상남도,경상남도 거제시,남,40,도로 분야,40
2018,경상남도,경상남도 거제시,남,50,교통 분야,13
2018,경상남도,경상남도 거제시,남,50,도로 분야,39
2018,경상남도,경상남도 거제시,남,60,교통 분야,5
2018,경상남도,경상남도 거제시,남,60,도로 분야,17
2018,경상남도,경상남도 거제시,남,70,교통 분야,2
2018,경상남도,경상남도 거제시,남,70,도로 분야,1
2018,경상남도,경상남도 거제시,여,10,교통 분야,3
2018,경상남도,경상남도 거제시,여,20,교통 분야,29
2018,경상남도,경상남도 거제시,여,20,도로 분야,10
2018,경상남도,경상남도 거제시,여,30,교통 분야,37
2018,경상남도,경상남도 거제시,여,30,도로 분야,32
2018,경상남도,경상남도 거제시,여,40,교통 분야,27
2018,경상남도,경상남도 거제시,여,40,도로 분야,22
2018,경상남도,경상남도 거제시,여,50,교통 분야,5
2018,경상남도,경상남도 거제시,여,50,도로 분야,17
2018,경상남도,경상남도 거제시,여,60,도로 분야,7
2018,경상남도,경상남도 거창군,남,10,교통 분야,1
2018,경상남도,경상남도 거창군,남,20,교통 분야,1
2018,경상남도,경상남도 거창군,남,20,도로 분야,1
2018,경상남도,경상남도 거창군,남,30,교통 분야,4
2018,경상남도,경상남도 거창군,남,30,도로 분야,8
2018,경상남도,경상남도 거창군,남,40,교통 분야,4
2018,경상남도,경상남도 거창군,남,40,도로 분야,12
2018,경상남도,경상남도 거창군,남,50,교통 분야,1
2018,경상남도,경상남도 거창군,남,50,도로 분야,7
2018,경상남도,경상남도 거창군,남,60,교통 분야,2
2018,경상남도,경상남도 거창군,남,60,도로 분야,2
2018,경상남도,경상남도 거창군,여,20,교통 분야,4
2018,경상남도,경상남도 거창군,여,20,도로 분야,1
2018,경상남도,경상남도 거창군,여,30,교통 분야,2
2018,경상남도,경상남도 거창군,여,30,도로 분야,5
2018,경상남도,경상남도 거창군,여,40,교통 분야,3
2018,경상남도,경상남도 거창군,여,40,도로 분야,2
2018,경상남도,경상남도 거창군,여,50,교통 분야,1
2018,경상남도,경상남도 거창군,여,50,도로 분야,3
2018,경상남도,경상남도 거창군,여,60,교통 분야,1
2018,경상남도,경상남도 고성군,남,20,교통 분야,2
2018,경상남도,경상남도 고성군,남,30,교통 분야,4
2018,경상남도,경상남도 고성군,남,30,도로 분야,7
2018,경상남도,경상남도 고성군,남,40,교통 분야,3
2018,경상남도,경상남도 고성군,남,40,도로 분야,18
2018,경상남도,경상남도 고성군,남,50,교통 분야,5
2018,경상남도,경상남도 고성군,남,50,도로 분야,10
2018,경상남도,경상남도 고성군,남,60,도로 분야,5
2018,경상남도,경상남도 고성군,남,70,도로 분야,1
2018,경상남도,경상남도 고성군,여,20,교통 분야,2
2018,경상남도,경상남도 고성군,여,20,도로 분야,1
2018,경상남도,경상남도 고성군,여,30,교통 분야,2
2018,경상남도,경상남도 고성군,여,30,도로 분야,3
2018,경상남도,경상남도 고성군,여,40,도로 분야,1
2018,경상남도,경상남도 고성군,여,50,교통 분야,1
2018,경상남도,경상남도 고성군,여,50,도로 분야,2
2018,경상남도,경상남도 고성군,여,60,도로 분야,1
2018,경상남도,경상남도 김해시,남,10,교통 분야,2
2018,경상남도,경상남도 김해시,남,20,교통 분야,72
2018,경상남도,경상남도 김해시,남,20,도로 분야,28
2018,경상남도,경상남도 김해시,남,30,교통 분야,77
2018,경상남도,경상남도 김해시,남,30,도로 분야,121
2018,경상남도,경상남도 김해시,남,40,교통 분야,82
2018,경상남도,경상남도 김해시,남,40,도로 분야,114
2018,경상남도,경상남도 김해시,남,50,교통 분야,22
2018,경상남도,경상남도 김해시,남,50,도로 분야,39
2018,경상남도,경상남도 김해시,남,60,교통 분야,15
2018,경상남도,경상남도 김해시,남,60,도로 분야,22
2018,경상남도,경상남도 김해시,남,70,도로 분야,2
2018,경상남도,경상남도 김해시,여,10,교통 분야,10
2018,경상남도,경상남도 김해시,여,10,도로 분야,1
2018,경상남도,경상남도 김해시,여,20,교통 분야,91
2018,경상남도,경상남도 김해시,여,20,도로 분야,35
2018,경상남도,경상남도 김해시,여,30,교통 분야,86
2018,경상남도,경상남도 김해시,여,30,도로 분야,45
2018,경상남도,경상남도 김해시,여,40,교통 분야,44
2018,경상남도,경상남도 김해시,여,40,도로 분야,47
2018,경상남도,경상남도 김해시,여,50,교통 분야,19
2018,경상남도,경상남도 김해시,여,50,도로 분야,14
2018,경상남도,경상남도 김해시,여,60,교통 분야,2
2018,경상남도,경상남도 김해시,여,60,도로 분야,3
2018,경상남도,경상남도 남해군,남,20,교통 분야,2
2018,경상남도,경상남도 남해군,남,20,도로 분야,1
2018,경상남도,경상남도 남해군,남,30,교통 분야,1
2018,경상남도,경상남도 남해군,남,30,도로 분야,5
2018,경상남도,경상남도 남해군,남,40,교통 분야,2
2018,경상남도,경상남도 남해군,남,40,도로 분야,6
2018,경상남도,경상남도 남해군,남,50,도로 분야,4
2018,경상남도,경상남도 남해군,남,60,교통 분야,1
2018,경상남도,경상남도 남해군,남,60,도로 분야,3
2018,경상남도,경상남도 남해군,남,70,도로 분야,1
2018,경상남도,경상남도 남해군,여,20,교통 분야,1
2018,경상남도,경상남도 남해군,여,30,교통 분야,1
2018,경상남도,경상남도 남해군,여,30,도로 분야,3
2018,경상남도,경상남도 남해군,여,40,교통 분야,2
2018,경상남도,경상남도 남해군,여,40,도로 분야,2
2018,경상남도,경상남도 남해군,여,50,도로 분야,5
2018,경상남도,경상남도 남해군,여,60,교통 분야,2
2018,경상남도,경상남도 밀양시,남,20,교통 분야,5
2018,경상남도,경상남도 밀양시,남,20,도로 분야,6
2018,경상남도,경상남도 밀양시,남,30,교통 분야,8
2018,경상남도,경상남도 밀양시,남,30,도로 분야,16
2018,경상남도,경상남도 밀양시,남,40,교통 분야,5
2018,경상남도,경상남도 밀양시,남,40,도로 분야,22
2018,경상남도,경상남도 밀양시,남,50,교통 분야,2
2018,경상남도,경상남도 밀양시,남,50,도로 분야,20
2018,경상남도,경상남도 밀양시,남,60,교통 분야,1
2018,경상남도,경상남도 밀양시,남,60,도로 분야,17
2018,경상남도,경상남도 밀양시,남,70,교통 분야,1
2018,경상남도,경상남도 밀양시,남,80,도로 분야,1
2018,경상남도,경상남도 밀양시,여,20,교통 분야,1
2018,경상남도,경상남도 밀양시,여,20,도로 분야,5
2018,경상남도,경상남도 밀양시,여,30,교통 분야,1
2018,경상남도,경상남도 밀양시,여,30,도로 분야,6
2018,경상남도,경상남도 밀양시,여,40,교통 분야,4
2018,경상남도,경상남도 밀양시,여,40,도로 분야,7
2018,경상남도,경상남도 밀양시,여,50,교통 분야,1
2018,경상남도,경상남도 밀양시,여,50,도로 분야,7
2018,경상남도,경상남도 사천시,남,10,교통 분야,1
2018,경상남도,경상남도 사천시,남,20,교통 분야,9
2018,경상남도,경상남도 사천시,남,20,도로 분야,13
2018,경상남도,경상남도 사천시,남,30,교통 분야,10
2018,경상남도,경상남도 사천시,남,30,도로 분야,20
2018,경상남도,경상남도 사천시,남,40,교통 분야,9
2018,경상남도,경상남도 사천시,남,40,도로 분야,35
2018,경상남도,경상남도 사천시,남,50,교통 분야,2
2018,경상남도,경상남도 사천시,남,50,도로 분야,15
2018,경상남도,경상남도 사천시,남,60,교통 분야,4
2018,경상남도,경상남도 사천시,남,60,도로 분야,1
2018,경상남도,경상남도 사천시,남,70,도로 분야,1
2018,경상남도,경상남도 사천시,여,20,교통 분야,22
2018,경상남도,경상남도 사천시,여,20,도로 분야,10
2018,경상남도,경상남도 사천시,여,30,교통 분야,8
2018,경상남도,경상남도 사천시,여,30,도로 분야,8
2018,경상남도,경상남도 사천시,여,40,교통 분야,7
2018,경상남도,경상남도 사천시,여,40,도로 분야,9
2018,경상남도,경상남도 사천시,여,50,교통 분야,1
2018,경상남도,경상남도 사천시,여,50,도로 분야,4
2018,경상남도,경상남도 사천시,여,60,도로 분야,1
2018,경상남도,경상남도 산청군,남,20,교통 분야,1
2018,경상남도,경상남도 산청군,남,30,교통 분야,1
2018,경상남도,경상남도 산청군,남,30,도로 분야,6
2018,경상남도,경상남도 산청군,남,40,교통 분야,1
2018,경상남도,경상남도 산청군,남,40,도로 분야,4
2018,경상남도,경상남도 산청군,남,50,도로 분야,2
2018,경상남도,경상남도 산청군,남,60,교통 분야,2
2018,경상남도,경상남도 산청군,여,10,교통 분야,1
2018,경상남도,경상남도 산청군,여,40,도로 분야,2
2018,경상남도,경상남도 산청군,여,60,도로 분야,2
2018,경상남도,경상남도 양산시,남,10,교통 분야,3
2018,경상남도,경상남도 양산시,남,10,도로 분야,1
2018,경상남도,경상남도 양산시,남,20,교통 분야,50
2018,경상남도,경상남도 양산시,남,20,도로 분야,25
2018,경상남도,경상남도 양산시,남,30,교통 분야,83
2018,경상남도,경상남도 양산시,남,30,도로 분야,89
2018,경상남도,경상남도 양산시,남,40,교통 분야,42
2018,경상남도,경상남도 양산시,남,40,도로 분야,69
2018,경상남도,경상남도 양산시,남,50,교통 분야,27
2018,경상남도,경상남도 양산시,남,50,도로 분야,28
2018,경상남도,경상남도 양산시,남,60,교통 분야,26
2018,경상남도,경상남도 양산시,남,60,도로 분야,23
2018,경상남도,경상남도 양산시,남,70,교통 분야,3
2018,경상남도,경상남도 양산시,남,70,도로 분야,3
2018,경상남도,경상남도 양산시,여,10,교통 분야,4
2018,경상남도,경상남도 양산시,여,10,도로 분야,1
2018,경상남도,경상남도 양산시,여,20,교통 분야,44
2018,경상남도,경상남도 양산시,여,20,도로 분야,15
2018,경상남도,경상남도 양산시,여,30,교통 분야,47
2018,경상남도,경상남도 양산시,여,30,도로 분야,43
2018,경상남도,경상남도 양산시,여,40,교통 분야,28
2018,경상남도,경상남도 양산시,여,40,도로 분야,39
2018,경상남도,경상남도 양산시,여,50,교통 분야,2
2018,경상남도,경상남도 양산시,여,50,도로 분야,19
2018,경상남도,경상남도 양산시,여,60,교통 분야,3
2018,경상남도,경상남도 양산시,여,60,도로 분야,3
2018,경상남도,경상남도 의령군,남,20,교통 분야,1
2018,경상남도,경상남도 의령군,남,30,교통 분야,1
2018,경상남도,경상남도 의령군,남,30,도로 분야,2
2018,경상남도,경상남도 의령군,남,40,교통 분야,1
2018,경상남도,경상남도 의령군,남,40,도로 분야,1
2018,경상남도,경상남도 의령군,남,50,도로 분야,3
2018,경상남도,경상남도 의령군,남,60,도로 분야,1
2018,경상남도,경상남도 의령군,여,20,교통 분야,1
2018,경상남도,경상남도 의령군,여,20,도로 분야,1
2018,경상남도,경상남도 의령군,여,30,도로 분야,1
2018,경상남도,경상남도 의령군,여,40,도로 분야,1
2018,경상남도,경상남도 의령군,여,50,도로 분야,2
2018,경상남도,경상남도 의령군,여,60,도로 분야,1
2018,경상남도,경상남도 의령군,여,70,교통 분야,1
2018,경상남도,경상남도 진주시,남,10,교통 분야,7
2018,경상남도,경상남도 진주시,남,20,교통 분야,62
2018,경상남도,경상남도 진주시,남,20,도로 분야,23
2018,경상남도,경상남도 진주시,남,30,교통 분야,55
2018,경상남도,경상남도 진주시,남,30,도로 분야,45
2018,경상남도,경상남도 진주시,남,40,교통 분야,39
2018,경상남도,경상남도 진주시,남,40,도로 분야,66
2018,경상남도,경상남도 진주시,남,50,교통 분야,16
2018,경상남도,경상남도 진주시,남,50,도로 분야,21
2018,경상남도,경상남도 진주시,남,60,교통 분야,1
2018,경상남도,경상남도 진주시,남,60,도로 분야,11
2018,경상남도,경상남도 진주시,남,70,교통 분야,1
2018,경상남도,경상남도 진주시,남,70,도로 분야,1
2018,경상남도,경상남도 진주시,여,10,교통 분야,8
2018,경상남도,경상남도 진주시,여,20,교통 분야,67
2018,경상남도,경상남도 진주시,여,20,도로 분야,16
2018,경상남도,경상남도 진주시,여,30,교통 분야,26
2018,경상남도,경상남도 진주시,여,30,도로 분야,33
2018,경상남도,경상남도 진주시,여,40,교통 분야,19
2018,경상남도,경상남도 진주시,여,40,도로 분야,16
2018,경상남도,경상남도 진주시,여,50,교통 분야,5
2018,경상남도,경상남도 진주시,여,50,도로 분야,9
2018,경상남도,경상남도 진주시,여,60,교통 분야,2
2018,경상남도,경상남도 진주시,여,70,교통 분야,2
2018,경상남도,경상남도 진주시,여,70,도로 분야,1
2018,경상남도,경상남도 창녕군,남,20,교통 분야,7
2018,경상남도,경상남도 창녕군,남,20,도로 분야,1
2018,경상남도,경상남도 창녕군,남,30,교통 분야,4
2018,경상남도,경상남도 창녕군,남,30,도로 분야,6
2018,경상남도,경상남도 창녕군,남,40,교통 분야,2
2018,경상남도,경상남도 창녕군,남,40,도로 분야,8
2018,경상남도,경상남도 창녕군,남,50,교통 분야,5
2018,경상남도,경상남도 창녕군,남,50,도로 분야,4
2018,경상남도,경상남도 창녕군,남,60,교통 분야,4
2018,경상남도,경상남도 창녕군,남,60,도로 분야,4
2018,경상남도,경상남도 창녕군,여,20,교통 분야,2
2018,경상남도,경상남도 창녕군,여,30,교통 분야,3
2018,경상남도,경상남도 창녕군,여,30,도로 분야,4
2018,경상남도,경상남도 창녕군,여,40,교통 분야,1
2018,경상남도,경상남도 창녕군,여,40,도로 분야,2
2018,경상남도,경상남도 창녕군,여,50,도로 분야,2
2018,경상남도,경상남도 창녕군,여,60,교통 분야,1
2018,경상남도,경상남도 창원시 마산합포구,남,10,교통 분야,1
2018,경상남도,경상남도 창원시 마산합포구,남,20,교통 분야,14
2018,경상남도,경상남도 창원시 마산합포구,남,20,도로 분야,5
2018,경상남도,경상남도 창원시 마산합포구,남,30,교통 분야,15
2018,경상남도,경상남도 창원시 마산합포구,남,30,도로 분야,25
2018,경상남도,경상남도 창원시 마산합포구,남,40,교통 분야,14
2018,경상남도,경상남도 창원시 마산합포구,남,40,도로 분야,11
2018,경상남도,경상남도 창원시 마산합포구,남,50,교통 분야,4
2018,경상남도,경상남도 창원시 마산합포구,남,50,도로 분야,13
2018,경상남도,경상남도 창원시 마산합포구,남,60,교통 분야,4
2018,경상남도,경상남도 창원시 마산합포구,남,60,도로 분야,6
2018,경상남도,경상남도 창원시 마산합포구,남,70,도로 분야,3
2018,경상남도,경상남도 창원시 마산합포구,여,10,교통 분야,1
2018,경상남도,경상남도 창원시 마산합포구,여,20,교통 분야,7
2018,경상남도,경상남도 창원시 마산합포구,여,20,도로 분야,2
2018,경상남도,경상남도 창원시 마산합포구,여,30,교통 분야,11
2018,경상남도,경상남도 창원시 마산합포구,여,30,도로 분야,6
2018,경상남도,경상남도 창원시 마산합포구,여,40,교통 분야,7
2018,경상남도,경상남도 창원시 마산합포구,여,40,도로 분야,10
2018,경상남도,경상남도 창원시 마산합포구,여,50,교통 분야,2
2018,경상남도,경상남도 창원시 마산합포구,여,50,도로 분야,4
2018,경상남도,경상남도 창원시 마산회원구,남,20,교통 분야,14
2018,경상남도,경상남도 창원시 마산회원구,남,20,도로 분야,6
2018,경상남도,경상남도 창원시 마산회원구,남,30,교통 분야,96
2018,경상남도,경상남도 창원시 마산회원구,남,30,도로 분야,19
2018,경상남도,경상남도 창원시 마산회원구,남,40,교통 분야,51
2018,경상남도,경상남도 창원시 마산회원구,남,40,도로 분야,21
2018,경상남도,경상남도 창원시 마산회원구,남,50,교통 분야,10
2018,경상남도,경상남도 창원시 마산회원구,남,50,도로 분야,10
2018,경상남도,경상남도 창원시 마산회원구,남,60,교통 분야,3
2018,경상남도,경상남도 창원시 마산회원구,남,60,도로 분야,5
2018,경상남도,경상남도 창원시 마산회원구,여,10,교통 분야,1
2018,경상남도,경상남도 창원시 마산회원구,여,20,교통 분야,11
2018,경상남도,경상남도 창원시 마산회원구,여,20,도로 분야,4
2018,경상남도,경상남도 창원시 마산회원구,여,30,교통 분야,9
2018,경상남도,경상남도 창원시 마산회원구,여,30,도로 분야,6
2018,경상남도,경상남도 창원시 마산회원구,여,40,교통 분야,8
2018,경상남도,경상남도 창원시 마산회원구,여,40,도로 분야,4
2018,경상남도,경상남도 창원시 마산회원구,여,50,교통 분야,2
2018,경상남도,경상남도 창원시 마산회원구,여,50,도로 분야,2
2018,경상남도,경상남도 창원시 성산구,남,10,교통 분야,1
2018,경상남도,경상남도 창원시 성산구,남,20,교통 분야,15
2018,경상남도,경상남도 창원시 성산구,남,20,도로 분야,7
2018,경상남도,경상남도 창원시 성산구,남,30,교통 분야,29
2018,경상남도,경상남도 창원시 성산구,남,30,도로 분야,32
2018,경상남도,경상남도 창원시 성산구,남,40,교통 분야,15
2018,경상남도,경상남도 창원시 성산구,남,40,도로 분야,10
2018,경상남도,경상남도 창원시 성산구,남,50,교통 분야,7
2018,경상남도,경상남도 창원시 성산구,남,50,도로 분야,16
2018,경상남도,경상남도 창원시 성산구,남,60,교통 분야,32
2018,경상남도,경상남도 창원시 성산구,남,60,도로 분야,1
2018,경상남도,경상남도 창원시 성산구,여,20,교통 분야,9
2018,경상남도,경상남도 창원시 성산구,여,20,도로 분야,8
2018,경상남도,경상남도 창원시 성산구,여,30,교통 분야,14
2018,경상남도,경상남도 창원시 성산구,여,30,도로 분야,9
2018,경상남도,경상남도 창원시 성산구,여,40,교통 분야,9
2018,경상남도,경상남도 창원시 성산구,여,40,도로 분야,10
2018,경상남도,경상남도 창원시 성산구,여,50,도로 분야,5
2018,경상남도,경상남도 창원시 의창구,남,20,교통 분야,20
2018,경상남도,경상남도 창원시 의창구,남,20,도로 분야,11
2018,경상남도,경상남도 창원시 의창구,남,30,교통 분야,29
2018,경상남도,경상남도 창원시 의창구,남,30,도로 분야,28
2018,경상남도,경상남도 창원시 의창구,남,40,교통 분야,21
2018,경상남도,경상남도 창원시 의창구,남,40,도로 분야,20
2018,경상남도,경상남도 창원시 의창구,남,50,교통 분야,11
2018,경상남도,경상남도 창원시 의창구,남,50,도로 분야,15
2018,경상남도,경상남도 창원시 의창구,남,60,교통 분야,7
2018,경상남도,경상남도 창원시 의창구,남,60,도로 분야,6
2018,경상남도,경상남도 창원시 의창구,남,70,도로 분야,1
2018,경상남도,경상남도 창원시 의창구,여,10,교통 분야,2
2018,경상남도,경상남도 창원시 의창구,여,20,교통 분야,17
2018,경상남도,경상남도 창원시 의창구,여,20,도로 분야,7
2018,경상남도,경상남도 창원시 의창구,여,30,교통 분야,18
2018,경상남도,경상남도 창원시 의창구,여,30,도로 분야,9
2018,경상남도,경상남도 창원시 의창구,여,40,교통 분야,8
2018,경상남도,경상남도 창원시 의창구,여,40,도로 분야,8
2018,경상남도,경상남도 창원시 의창구,여,50,교통 분야,3
2018,경상남도,경상남도 창원시 의창구,여,50,도로 분야,5
2018,경상남도,경상남도 창원시 의창구,여,60,교통 분야,2
2018,경상남도,경상남도 창원시 의창구,여,60,도로 분야,3
2018,경상남도,경상남도 창원시 의창구,여,70,교통 분야,1
2018,경상남도,경상남도 창원시 진해구,남,10,교통 분야,1
2018,경상남도,경상남도 창원시 진해구,남,10,도로 분야,2
2018,경상남도,경상남도 창원시 진해구,남,20,교통 분야,17
2018,경상남도,경상남도 창원시 진해구,남,20,도로 분야,1
2018,경상남도,경상남도 창원시 진해구,남,30,교통 분야,28
2018,경상남도,경상남도 창원시 진해구,남,30,도로 분야,40
2018,경상남도,경상남도 창원시 진해구,남,40,교통 분야,40
2018,경상남도,경상남도 창원시 진해구,남,40,도로 분야,19
2018,경상남도,경상남도 창원시 진해구,남,50,교통 분야,8
2018,경상남도,경상남도 창원시 진해구,남,50,도로 분야,14
2018,경상남도,경상남도 창원시 진해구,남,60,교통 분야,3
2018,경상남도,경상남도 창원시 진해구,남,60,도로 분야,1
2018,경상남도,경상남도 창원시 진해구,남,70,도로 분야,2
2018,경상남도,경상남도 창원시 진해구,여,10,도로 분야,1
2018,경상남도,경상남도 창원시 진해구,여,20,교통 분야,10
2018,경상남도,경상남도 창원시 진해구,여,20,도로 분야,5
2018,경상남도,경상남도 창원시 진해구,여,30,교통 분야,18
2018,경상남도,경상남도 창원시 진해구,여,30,도로 분야,15
2018,경상남도,경상남도 창원시 진해구,여,40,교통 분야,23
2018,경상남도,경상남도 창원시 진해구,여,40,도로 분야,3
2018,경상남도,경상남도 창원시 진해구,여,50,교통 분야,5
2018,경상남도,경상남도 창원시 진해구,여,50,도로 분야,7
2018,경상남도,경상남도 창원시 진해구,여,60,교통 분야,1
2018,경상남도,경상남도 창원시 진해구,여,60,도로 분야,3
2018,경상남도,경상남도 통영시,남,10,교통 분야,1
2018,경상남도,경상남도 통영시,남,10,도로 분야,1
2018,경상남도,경상남도 통영시,남,20,교통 분야,6
2018,경상남도,경상남도 통영시,남,20,도로 분야,1
2018,경상남도,경상남도 통영시,남,30,교통 분야,21
2018,경상남도,경상남도 통영시,남,30,도로 분야,20
2018,경상남도,경상남도 통영시,남,40,교통 분야,5
2018,경상남도,경상남도 통영시,남,40,도로 분야,24
2018,경상남도,경상남도 통영시,남,50,교통 분야,6
2018,경상남도,경상남도 통영시,남,50,도로 분야,17
2018,경상남도,경상남도 통영시,남,60,도로 분야,11
2018,경상남도,경상남도 통영시,여,20,교통 분야,4
2018,경상남도,경상남도 통영시,여,20,도로 분야,13
2018,경상남도,경상남도 통영시,여,30,교통 분야,8
2018,경상남도,경상남도 통영시,여,30,도로 분야,12
2018,경상남도,경상남도 통영시,여,40,교통 분야,9
2018,경상남도,경상남도 통영시,여,40,도로 분야,9
2018,경상남도,경상남도 통영시,여,50,교통 분야,1
2018,경상남도,경상남도 통영시,여,50,도로 분야,4
2018,경상남도,경상남도 통영시,여,60,교통 분야,1
2018,경상남도,경상남도 통영시,여,60,도로 분야,1
2018,경상남도,경상남도 통영시,여,70,도로 분야,1
2018,경상남도,경상남도 하동군,남,20,교통 분야,3
2018,경상남도,경상남도 하동군,남,30,교통 분야,5
2018,경상남도,경상남도 하동군,남,30,도로 분야,6
2018,경상남도,경상남도 하동군,남,40,교통 분야,2
2018,경상남도,경상남도 하동군,남,40,도로 분야,16
2018,경상남도,경상남도 하동군,남,50,교통 분야,2
2018,경상남도,경상남도 하동군,남,50,도로 분야,8
2018,경상남도,경상남도 하동군,남,60,교통 분야,1
2018,경상남도,경상남도 하동군,남,60,도로 분야,4
2018,경상남도,경상남도 하동군,여,20,교통 분야,1
2018,경상남도,경상남도 하동군,여,20,도로 분야,6
2018,경상남도,경상남도 하동군,여,30,교통 분야,2
2018,경상남도,경상남도 하동군,여,30,도로 분야,3
2018,경상남도,경상남도 하동군,여,40,교통 분야,5
2018,경상남도,경상남도 하동군,여,40,도로 분야,7
2018,경상남도,경상남도 하동군,여,50,도로 분야,11
2018,경상남도,경상남도 함안군,남,20,교통 분야,6
2018,경상남도,경상남도 함안군,남,20,도로 분야,1
2018,경상남도,경상남도 함안군,남,30,교통 분야,8
2018,경상남도,경상남도 함안군,남,30,도로 분야,7
2018,경상남도,경상남도 함안군,남,40,교통 분야,3
2018,경상남도,경상남도 함안군,남,40,도로 분야,12
2018,경상남도,경상남도 함안군,남,50,교통 분야,2
2018,경상남도,경상남도 함안군,남,50,도로 분야,20
2018,경상남도,경상남도 함안군,남,60,교통 분야,3
2018,경상남도,경상남도 함안군,남,60,도로 분야,12
2018,경상남도,경상남도 함안군,여,20,교통 분야,3
2018,경상남도,경상남도 함안군,여,20,도로 분야,1
2018,경상남도,경상남도 함안군,여,30,교통 분야,1
2018,경상남도,경상남도 함안군,여,30,도로 분야,2
2018,경상남도,경상남도 함안군,여,40,교통 분야,2
2018,경상남도,경상남도 함안군,여,40,도로 분야,6
2018,경상남도,경상남도 함안군,여,50,도로 분야,1
2018,경상남도,경상남도 함양군,남,10,교통 분야,1
2018,경상남도,경상남도 함양군,남,20,교통 분야,1
2018,경상남도,경상남도 함양군,남,30,도로 분야,5
2018,경상남도,경상남도 함양군,남,40,교통 분야,1
2018,경상남도,경상남도 함양군,남,40,도로 분야,4
2018,경상남도,경상남도 함양군,남,50,도로 분야,3
2018,경상남도,경상남도 함양군,남,60,도로 분야,1
2018,경상남도,경상남도 함양군,남,70,교통 분야,1
2018,경상남도,경상남도 함양군,남,70,도로 분야,1
2018,경상남도,경상남도 함양군,여,30,교통 분야,2
2018,경상남도,경상남도 함양군,여,30,도로 분야,5
2018,경상남도,경상남도 함양군,여,40,교통 분야,1
2018,경상남도,경상남도 함양군,여,50,도로 분야,1
2018,경상남도,경상남도 합천군,남,20,교통 분야,1
2018,경상남도,경상남도 합천군,남,30,교통 분야,6
2018,경상남도,경상남도 합천군,남,30,도로 분야,3
2018,경상남도,경상남도 합천군,남,40,교통 분야,3
2018,경상남도,경상남도 합천군,남,40,도로 분야,3
2018,경상남도,경상남도 합천군,남,50,도로 분야,2
2018,경상남도,경상남도 합천군,남,60,도로 분야,2
2018,경상남도,경상남도 합천군,여,20,교통 분야,1
2018,경상남도,경상남도 합천군,여,30,교통 분야,1
2018,경상남도,경상남도 합천군,여,40,교통 분야,2
2018,경상남도,경상남도 합천군,여,40,도로 분야,1
2017,경상남도,경상남도 거제시,남,20,교통 분야,4
2017,경상남도,경상남도 거제시,남,20,도로 분야,6
2017,경상남도,경상남도 거제시,남,30,교통 분야,22
2017,경상남도,경상남도 거제시,남,30,도로 분야,25
2017,경상남도,경상남도 거제시,남,40,교통 분야,17
2017,경상남도,경상남도 거제시,남,40,도로 분야,9
2017,경상남도,경상남도 거제시,남,50,교통 분야,8
2017,경상남도,경상남도 거제시,남,50,도로 분야,11
2017,경상남도,경상남도 거제시,남,60,교통 분야,4
2017,경상남도,경상남도 거제시,남,60,도로 분야,3
2017,경상남도,경상남도 거제시,여,10,교통 분야,3
2017,경상남도,경상남도 거제시,여,10,도로 분야,4
2017,경상남도,경상남도 거제시,여,20,교통 분야,13
2017,경상남도,경상남도 거제시,여,20,도로 분야,4
2017,경상남도,경상남도 거제시,여,30,교통 분야,18
2017,경상남도,경상남도 거제시,여,30,도로 분야,17
2017,경상남도,경상남도 거제시,여,40,교통 분야,3
2017,경상남도,경상남도 거제시,여,40,도로 분야,9
2017,경상남도,경상남도 거제시,여,50,교통 분야,1
2017,경상남도,경상남도 거제시,여,50,도로 분야,1
2017,경상남도,경상남도 거창군,남,20,교통 분야,1
2017,경상남도,경상남도 거창군,남,30,도로 분야,3
2017,경상남도,경상남도 거창군,남,40,도로 분야,3
2017,경상남도,경상남도 거창군,남,50,도로 분야,1
2017,경상남도,경상남도 거창군,남,60,도로 분야,1
2017,경상남도,경상남도 거창군,여,20,도로 분야,1
2017,경상남도,경상남도 거창군,여,30,도로 분야,1
2017,경상남도,경상남도 거창군,여,40,교통 분야,2
2017,경상남도,경상남도 고성군,남,10,교통 분야,1
2017,경상남도,경상남도 고성군,남,30,교통 분야,4
2017,경상남도,경상남도 고성군,남,30,도로 분야,5
2017,경상남도,경상남도 고성군,남,40,교통 분야,2
2017,경상남도,경상남도 고성군,남,40,도로 분야,5
2017,경상남도,경상남도 고성군,남,50,교통 분야,1
2017,경상남도,경상남도 고성군,남,50,도로 분야,7
2017,경상남도,경상남도 고성군,남,60,도로 분야,1
2017,경상남도,경상남도 고성군,여,20,교통 분야,1
2017,경상남도,경상남도 고성군,여,20,도로 분야,3
2017,경상남도,경상남도 고성군,여,30,도로 분야,3
2017,경상남도,경상남도 김해시,남,20,교통 분야,15
2017,경상남도,경상남도 김해시,남,20,도로 분야,5
2017,경상남도,경상남도 김해시,남,30,교통 분야,86
2017,경상남도,경상남도 김해시,남,30,도로 분야,43
2017,경상남도,경상남도 김해시,남,40,교통 분야,32
2017,경상남도,경상남도 김해시,남,40,도로 분야,41
2017,경상남도,경상남도 김해시,남,50,교통 분야,8
2017,경상남도,경상남도 김해시,남,50,도로 분야,17
2017,경상남도,경상남도 김해시,남,60,교통 분야,6
2017,경상남도,경상남도 김해시,남,60,도로 분야,5
2017,경상남도,경상남도 김해시,남,70,교통 분야,3
2017,경상남도,경상남도 김해시,여,10,도로 분야,1
2017,경상남도,경상남도 김해시,여,20,교통 분야,5
2017,경상남도,경상남도 김해시,여,20,도로 분야,10
2017,경상남도,경상남도 김해시,여,30,교통 분야,22
2017,경상남도,경상남도 김해시,여,30,도로 분야,21
2017,경상남도,경상남도 김해시,여,40,교통 분야,11
2017,경상남도,경상남도 김해시,여,40,도로 분야,14
2017,경상남도,경상남도 김해시,여,50,교통 분야,2
2017,경상남도,경상남도 김해시,여,50,도로 분야,1
2017,경상남도,경상남도 김해시,여,60,교통 분야,3
2017,경상남도,경상남도 김해시,여,60,도로 분야,1
2017,경상남도,경상남도 남해군,남,10,도로 분야,1
2017,경상남도,경상남도 남해군,남,20,교통 분야,4
2017,경상남도,경상남도 남해군,남,30,교통 분야,2
2017,경상남도,경상남도 남해군,남,40,교통 분야,1
2017,경상남도,경상남도 남해군,남,40,도로 분야,1
2017,경상남도,경상남도 남해군,남,50,교통 분야,2
2017,경상남도,경상남도 남해군,남,60,교통 분야,1
2017,경상남도,경상남도 남해군,여,30,도로 분야,7
2017,경상남도,경상남도 남해군,여,50,교통 분야,1
2017,경상남도,경상남도 밀양시,남,20,교통 분야,3
2017,경상남도,경상남도 밀양시,남,20,도로 분야,1
2017,경상남도,경상남도 밀양시,남,30,교통 분야,4
2017,경상남도,경상남도 밀양시,남,30,도로 분야,11
2017,경상남도,경상남도 밀양시,남,40,교통 분야,1
2017,경상남도,경상남도 밀양시,남,40,도로 분야,4
2017,경상남도,경상남도 밀양시,남,50,교통 분야,2
2017,경상남도,경상남도 밀양시,남,50,도로 분야,3
2017,경상남도,경상남도 밀양시,남,60,교통 분야,1
2017,경상남도,경상남도 밀양시,여,20,도로 분야,1
2017,경상남도,경상남도 밀양시,여,30,교통 분야,2
2017,경상남도,경상남도 밀양시,여,30,도로 분야,2
2017,경상남도,경상남도 밀양시,여,40,교통 분야,2
2017,경상남도,경상남도 밀양시,여,40,도로 분야,1
2017,경상남도,경상남도 밀양시,여,60,도로 분야,1
2017,경상남도,경상남도 사천시,남,20,교통 분야,4
2017,경상남도,경상남도 사천시,남,20,도로 분야,2
2017,경상남도,경상남도 사천시,남,30,교통 분야,3
2017,경상남도,경상남도 사천시,남,30,도로 분야,11
2017,경상남도,경상남도 사천시,남,40,교통 분야,6
2017,경상남도,경상남도 사천시,남,40,도로 분야,5
2017,경상남도,경상남도 사천시,남,50,교통 분야,3
2017,경상남도,경상남도 사천시,남,50,도로 분야,7
2017,경상남도,경상남도 사천시,남,60,도로 분야,1
2017,경상남도,경상남도 사천시,여,20,교통 분야,5
2017,경상남도,경상남도 사천시,여,20,도로 분야,1
2017,경상남도,경상남도 사천시,여,30,교통 분야,3
2017,경상남도,경상남도 사천시,여,30,도로 분야,1
2017,경상남도,경상남도 사천시,여,40,교통 분야,2
2017,경상남도,경상남도 사천시,여,40,도로 분야,6
2017,경상남도,경상남도 사천시,여,50,도로 분야,1
2017,경상남도,경상남도 사천시,여,60,교통 분야,1
2017,경상남도,경상남도 산청군,남,20,교통 분야,1
2017,경상남도,경상남도 산청군,남,20,도로 분야,1
2017,경상남도,경상남도 산청군,남,30,교통 분야,2
2017,경상남도,경상남도 산청군,남,30,도로 분야,3
2017,경상남도,경상남도 산청군,남,50,교통 분야,2
2017,경상남도,경상남도 산청군,남,50,도로 분야,1
2017,경상남도,경상남도 산청군,남,60,도로 분야,2
2017,경상남도,경상남도 산청군,여,20,도로 분야,1
2017,경상남도,경상남도 산청군,여,30,교통 분야,1
2017,경상남도,경상남도 산청군,여,40,도로 분야,1
2017,경상남도,경상남도 산청군,여,50,교통 분야,1
2017,경상남도,경상남도 양산시,남,20,교통 분야,16
2017,경상남도,경상남도 양산시,남,20,도로 분야,5
2017,경상남도,경상남도 양산시,남,30,교통 분야,31
2017,경상남도,경상남도 양산시,남,30,도로 분야,43
2017,경상남도,경상남도 양산시,남,40,교통 분야,26
2017,경상남도,경상남도 양산시,남,40,도로 분야,30
2017,경상남도,경상남도 양산시,남,50,교통 분야,9
2017,경상남도,경상남도 양산시,남,50,도로 분야,15
2017,경상남도,경상남도 양산시,남,60,교통 분야,38
2017,경상남도,경상남도 양산시,남,60,도로 분야,7
2017,경상남도,경상남도 양산시,여,10,교통 분야,1
2017,경상남도,경상남도 양산시,여,10,도로 분야,1
2017,경상남도,경상남도 양산시,여,20,교통 분야,5
2017,경상남도,경상남도 양산시,여,20,도로 분야,6
2017,경상남도,경상남도 양산시,여,30,교통 분야,19
2017,경상남도,경상남도 양산시,여,30,도로 분야,25
2017,경상남도,경상남도 양산시,여,40,교통 분야,9
2017,경상남도,경상남도 양산시,여,40,도로 분야,10
2017,경상남도,경상남도 양산시,여,50,교통 분야,7
2017,경상남도,경상남도 양산시,여,50,도로 분야,5
2017,경상남도,경상남도 양산시,여,60,교통 분야,2
2017,경상남도,경상남도 양산시,여,70,도로 분야,1
2017,경상남도,경상남도 의령군,남,20,도로 분야,1
2017,경상남도,경상남도 의령군,남,30,교통 분야,2
2017,경상남도,경상남도 의령군,남,40,교통 분야,1
2017,경상남도,경상남도 의령군,남,40,도로 분야,2
2017,경상남도,경상남도 의령군,남,50,도로 분야,3
2017,경상남도,경상남도 의령군,남,60,도로 분야,1
2017,경상남도,경상남도 의령군,여,20,교통 분야,2
2017,경상남도,경상남도 의령군,여,30,교통 분야,1
2017,경상남도,경상남도 의령군,여,30,도로 분야,1
2017,경상남도,경상남도 의령군,여,40,도로 분야,2
2017,경상남도,경상남도 진주시,남,20,교통 분야,7
2017,경상남도,경상남도 진주시,남,20,도로 분야,2
2017,경상남도,경상남도 진주시,남,30,교통 분야,29
2017,경상남도,경상남도 진주시,남,30,도로 분야,14
2017,경상남도,경상남도 진주시,남,40,교통 분야,9
2017,경상남도,경상남도 진주시,남,40,도로 분야,13
2017,경상남도,경상남도 진주시,남,50,교통 분야,5
2017,경상남도,경상남도 진주시,남,50,도로 분야,8
2017,경상남도,경상남도 진주시,남,60,도로 분야,1
2017,경상남도,경상남도 진주시,여,20,교통 분야,6
2017,경상남도,경상남도 진주시,여,30,교통 분야,9
2017,경상남도,경상남도 진주시,여,30,도로 분야,4
2017,경상남도,경상남도 진주시,여,40,교통 분야,6
2017,경상남도,경상남도 진주시,여,40,도로 분야,8
2017,경상남도,경상남도 진주시,여,50,교통 분야,1
2017,경상남도,경상남도 진주시,여,50,도로 분야,2
2017,경상남도,경상남도 창녕군,남,20,교통 분야,1
2017,경상남도,경상남도 창녕군,남,20,도로 분야,3
2017,경상남도,경상남도 창녕군,남,30,교통 분야,2
2017,경상남도,경상남도 창녕군,남,30,도로 분야,8
2017,경상남도,경상남도 창녕군,남,40,도로 분야,5
2017,경상남도,경상남도 창녕군,남,50,도로 분야,4
2017,경상남도,경상남도 창녕군,남,60,교통 분야,1
2017,경상남도,경상남도 창녕군,남,60,도로 분야,1
2017,경상남도,경상남도 창녕군,여,20,교통 분야,1
2017,경상남도,경상남도 창녕군,여,20,도로 분야,2
2017,경상남도,경상남도 창녕군,여,30,교통 분야,2
2017,경상남도,경상남도 창녕군,여,30,도로 분야,8
2017,경상남도,경상남도 창녕군,여,40,도로 분야,5
2017,경상남도,경상남도 창녕군,여,60,도로 분야,1
2017,경상남도,경상남도 창원시,남,70,도로 분야,1
2017,경상남도,경상남도 창원시 마산합포구,남,20,교통 분야,13
2017,경상남도,경상남도 창원시 마산합포구,남,20,도로 분야,3
2017,경상남도,경상남도 창원시 마산합포구,남,30,교통 분야,18
2017,경상남도,경상남도 창원시 마산합포구,남,30,도로 분야,11
2017,경상남도,경상남도 창원시 마산합포구,남,40,교통 분야,9
2017,경상남도,경상남도 창원시 마산합포구,남,40,도로 분야,12
2017,경상남도,경상남도 창원시 마산합포구,남,50,교통 분야,2
2017,경상남도,경상남도 창원시 마산합포구,남,50,도로 분야,2
2017,경상남도,경상남도 창원시 마산합포구,남,60,도로 분야,1
2017,경상남도,경상남도 창원시 마산합포구,남,70,교통 분야,2
2017,경상남도,경상남도 창원시 마산합포구,남,70,도로 분야,2
2017,경상남도,경상남도 창원시 마산합포구,여,10,교통 분야,2
2017,경상남도,경상남도 창원시 마산합포구,여,20,교통 분야,2
2017,경상남도,경상남도 창원시 마산합포구,여,30,교통 분야,8
2017,경상남도,경상남도 창원시 마산합포구,여,30,도로 분야,1
2017,경상남도,경상남도 창원시 마산합포구,여,40,교통 분야,7
2017,경상남도,경상남도 창원시 마산합포구,여,50,교통 분야,1
2017,경상남도,경상남도 창원시 마산합포구,여,50,도로 분야,2
2017,경상남도,경상남도 창원시 마산합포구,여,60,도로 분야,1
2017,경상남도,경상남도 창원시 마산회원구,남,20,교통 분야,4
2017,경상남도,경상남도 창원시 마산회원구,남,20,도로 분야,2
2017,경상남도,경상남도 창원시 마산회원구,남,30,교통 분야,14
2017,경상남도,경상남도 창원시 마산회원구,남,30,도로 분야,23
2017,경상남도,경상남도 창원시 마산회원구,남,40,교통 분야,12
2017,경상남도,경상남도 창원시 마산회원구,남,40,도로 분야,8
2017,경상남도,경상남도 창원시 마산회원구,남,50,교통 분야,3
2017,경상남도,경상남도 창원시 마산회원구,남,50,도로 분야,4
2017,경상남도,경상남도 창원시 마산회원구,여,20,교통 분야,3
2017,경상남도,경상남도 창원시 마산회원구,여,20,도로 분야,3
2017,경상남도,경상남도 창원시 마산회원구,여,30,교통 분야,7
2017,경상남도,경상남도 창원시 마산회원구,여,30,도로 분야,5
2017,경상남도,경상남도 창원시 마산회원구,여,40,교통 분야,16
2017,경상남도,경상남도 창원시 성산구,남,20,교통 분야,2
2017,경상남도,경상남도 창원시 성산구,남,20,도로 분야,1
2017,경상남도,경상남도 창원시 성산구,남,30,교통 분야,27
2017,경상남도,경상남도 창원시 성산구,남,30,도로 분야,11
2017,경상남도,경상남도 창원시 성산구,남,40,교통 분야,10
2017,경상남도,경상남도 창원시 성산구,남,40,도로 분야,11
2017,경상남도,경상남도 창원시 성산구,남,50,교통 분야,37
2017,경상남도,경상남도 창원시 성산구,남,50,도로 분야,8
2017,경상남도,경상남도 창원시 성산구,남,60,교통 분야,2
2017,경상남도,경상남도 창원시 성산구,남,60,도로 분야,7
2017,경상남도,경상남도 창원시 성산구,여,20,교통 분야,3
2017,경상남도,경상남도 창원시 성산구,여,20,도로 분야,2
2017,경상남도,경상남도 창원시 성산구,여,30,교통 분야,10
2017,경상남도,경상남도 창원시 성산구,여,30,도로 분야,5
2017,경상남도,경상남도 창원시 성산구,여,40,교통 분야,3
2017,경상남도,경상남도 창원시 성산구,여,40,도로 분야,3
2017,경상남도,경상남도 창원시 성산구,여,50,교통 분야,4
2017,경상남도,경상남도 창원시 성산구,여,50,도로 분야,5
2017,경상남도,경상남도 창원시 의창구,남,10,도로 분야,1
2017,경상남도,경상남도 창원시 의창구,남,20,교통 분야,8
2017,경상남도,경상남도 창원시 의창구,남,20,도로 분야,2
2017,경상남도,경상남도 창원시 의창구,남,30,교통 분야,20
2017,경상남도,경상남도 창원시 의창구,남,30,도로 분야,22
2017,경상남도,경상남도 창원시 의창구,남,40,교통 분야,10
2017,경상남도,경상남도 창원시 의창구,남,40,도로 분야,12
2017,경상남도,경상남도 창원시 의창구,남,50,교통 분야,7
2017,경상남도,경상남도 창원시 의창구,남,50,도로 분야,5
2017,경상남도,경상남도 창원시 의창구,남,60,교통 분야,1
2017,경상남도,경상남도 창원시 의창구,여,20,교통 분야,7
2017,경상남도,경상남도 창원시 의창구,여,20,도로 분야,2
2017,경상남도,경상남도 창원시 의창구,여,30,교통 분야,6
2017,경상남도,경상남도 창원시 의창구,여,30,도로 분야,12
2017,경상남도,경상남도 창원시 의창구,여,40,교통 분야,8
2017,경상남도,경상남도 창원시 의창구,여,40,도로 분야,3
2017,경상남도,경상남도 창원시 의창구,여,50,교통 분야,7
2017,경상남도,경상남도 창원시 의창구,여,50,도로 분야,6
2017,경상남도,경상남도 창원시 의창구,여,60,교통 분야,2
2017,경상남도,경상남도 창원시 진해구,남,20,교통 분야,1
2017,경상남도,경상남도 창원시 진해구,남,20,도로 분야,2
2017,경상남도,경상남도 창원시 진해구,남,30,교통 분야,21
2017,경상남도,경상남도 창원시 진해구,남,30,도로 분야,20
2017,경상남도,경상남도 창원시 진해구,남,40,교통 분야,33
2017,경상남도,경상남도 창원시 진해구,남,40,도로 분야,14
2017,경상남도,경상남도 창원시 진해구,남,50,교통 분야,16
2017,경상남도,경상남도 창원시 진해구,남,50,도로 분야,9
2017,경상남도,경상남도 창원시 진해구,여,20,교통 분야,2
2017,경상남도,경상남도 창원시 진해구,여,20,도로 분야,2
2017,경상남도,경상남도 창원시 진해구,여,30,교통 분야,8
2017,경상남도,경상남도 창원시 진해구,여,30,도로 분야,3
2017,경상남도,경상남도 창원시 진해구,여,40,교통 분야,1
2017,경상남도,경상남도 창원시 진해구,여,40,도로 분야,3
2017,경상남도,경상남도 창원시 진해구,여,50,교통 분야,11
2017,경상남도,경상남도 창원시 진해구,여,50,도로 분야,10
2017,경상남도,경상남도 창원시 진해구,여,60,교통 분야,1
2017,경상남도,경상남도 창원시 진해구,여,60,도로 분야,2
2017,경상남도,경상남도 통영시,남,20,교통 분야,3
2017,경상남도,경상남도 통영시,남,30,교통 분야,9
2017,경상남도,경상남도 통영시,남,30,도로 분야,10
2017,경상남도,경상남도 통영시,남,40,교통 분야,4
2017,경상남도,경상남도 통영시,남,40,도로 분야,4
2017,경상남도,경상남도 통영시,남,50,교통 분야,1
2017,경상남도,경상남도 통영시,남,50,도로 분야,6
2017,경상남도,경상남도 통영시,남,60,도로 분야,2
2017,경상남도,경상남도 통영시,여,20,교통 분야,3
2017,경상남도,경상남도 통영시,여,20,도로 분야,2
2017,경상남도,경상남도 통영시,여,30,교통 분야,6
2017,경상남도,경상남도 통영시,여,40,도로 분야,3
2017,경상남도,경상남도 하동군,남,30,도로 분야,3
2017,경상남도,경상남도 하동군,남,50,교통 분야,1
2017,경상남도,경상남도 하동군,남,50,도로 분야,3
2017,경상남도,경상남도 하동군,남,60,도로 분야,2
2017,경상남도,경상남도 하동군,여,30,도로 분야,1
2017,경상남도,경상남도 하동군,여,40,교통 분야,1
2017,경상남도,경상남도 하동군,여,40,도로 분야,3
2017,경상남도,경상남도 하동군,여,50,도로 분야,2
2017,경상남도,경상남도 함안군,남,30,교통 분야,4
2017,경상남도,경상남도 함안군,남,30,도로 분야,6
2017,경상남도,경상남도 함안군,남,40,교통 분야,8
2017,경상남도,경상남도 함안군,남,40,도로 분야,4
2017,경상남도,경상남도 함안군,남,50,교통 분야,2
2017,경상남도,경상남도 함안군,남,50,도로 분야,6
2017,경상남도,경상남도 함안군,여,20,교통 분야,1
2017,경상남도,경상남도 함안군,여,20,도로 분야,1
2017,경상남도,경상남도 함안군,여,30,교통 분야,4
2017,경상남도,경상남도 함안군,여,40,교통 분야,1
2017,경상남도,경상남도 함안군,여,40,도로 분야,3
2017,경상남도,경상남도 함양군,남,40,교통 분야,2
2017,경상남도,경상남도 함양군,남,40,도로 분야,1
2017,경상남도,경상남도 함양군,남,50,교통 분야,1
2017,경상남도,경상남도 함양군,남,50,도로 분야,3
2017,경상남도,경상남도 함양군,남,60,교통 분야,1
2017,경상남도,경상남도 함양군,여,20,도로 분야,1
2017,경상남도,경상남도 함양군,여,30,교통 분야,1
2017,경상남도,경상남도 합천군,남,20,교통 분야,1
2017,경상남도,경상남도 합천군,남,30,교통 분야,9
2017,경상남도,경상남도 합천군,남,30,도로 분야,3
2017,경상남도,경상남도 합천군,남,40,교통 분야,5
2017,경상남도,경상남도 합천군,남,40,도로 분야,4
2017,경상남도,경상남도 합천군,남,50,교통 분야,1
2017,경상남도,경상남도 합천군,남,50,도로 분야,1
2017,경상남도,경상남도 합천군,남,60,도로 분야,2
2017,경상남도,경상남도 합천군,여,20,교통 분야,1
2017,경상남도,경상남도 합천군,여,20,도로 분야,1
2017,경상남도,경상남도 합천군,여,30,교통 분야,1
2017,경상남도,경상남도 합천군,여,40,교통 분야,1
2017,경상남도,경상남도 합천군,여,50,교통 분야,1
2017,경상남도,경상남도 합천군,여,50,도로 분야,3
2016,경상남도,경상남도 거제시,남,10,도로 분야,2
2016,경상남도,경상남도 거제시,남,20,교통 분야,3
2016,경상남도,경상남도 거제시,남,20,도로 분야,6
2016,경상남도,경상남도 거제시,남,30,교통 분야,23
2016,경상남도,경상남도 거제시,남,30,도로 분야,14
2016,경상남도,경상남도 거제시,남,40,교통 분야,16
2016,경상남도,경상남도 거제시,남,40,도로 분야,8
2016,경상남도,경상남도 거제시,남,50,교통 분야,3
2016,경상남도,경상남도 거제시,남,50,도로 분야,2
2016,경상남도,경상남도 거제시,남,60,교통 분야,1
2016,경상남도,경상남도 거제시,여,10,교통 분야,1
2016,경상남도,경상남도 거제시,여,20,교통 분야,2
2016,경상남도,경상남도 거제시,여,20,도로 분야,1
2016,경상남도,경상남도 거제시,여,30,교통 분야,3
2016,경상남도,경상남도 거제시,여,30,도로 분야,9
2016,경상남도,경상남도 거제시,여,40,교통 분야,7
2016,경상남도,경상남도 거제시,여,40,도로 분야,6
2016,경상남도,경상남도 거제시,여,50,도로 분야,4
2016,경상남도,경상남도 거창군,남,20,도로 분야,1
2016,경상남도,경상남도 거창군,남,30,교통 분야,3
2016,경상남도,경상남도 거창군,남,30,도로 분야,2
2016,경상남도,경상남도 거창군,남,40,교통 분야,1
2016,경상남도,경상남도 거창군,남,40,도로 분야,3
2016,경상남도,경상남도 거창군,남,50,도로 분야,1
2016,경상남도,경상남도 거창군,여,30,교통 분야,4
2016,경상남도,경상남도 거창군,여,30,도로 분야,2
2016,경상남도,경상남도 거창군,여,40,교통 분야,1
2016,경상남도,경상남도 거창군,여,40,도로 분야,2
2016,경상남도,경상남도 거창군,여,50,교통 분야,1
2016,경상남도,경상남도 고성군,남,20,교통 분야,2
2016,경상남도,경상남도 고성군,남,20,도로 분야,1
2016,경상남도,경상남도 고성군,남,30,교통 분야,3
2016,경상남도,경상남도 고성군,남,30,도로 분야,3
2016,경상남도,경상남도 고성군,남,40,교통 분야,1
2016,경상남도,경상남도 고성군,남,40,도로 분야,3
2016,경상남도,경상남도 고성군,남,50,교통 분야,7
2016,경상남도,경상남도 고성군,남,50,도로 분야,1
2016,경상남도,경상남도 고성군,남,60,교통 분야,2
2016,경상남도,경상남도 고성군,남,60,도로 분야,3
2016,경상남도,경상남도 고성군,여,20,교통 분야,1
2016,경상남도,경상남도 고성군,여,20,도로 분야,1
2016,경상남도,경상남도 고성군,여,30,도로 분야,1
2016,경상남도,경상남도 고성군,여,40,도로 분야,2
2016,경상남도,경상남도 고성군,여,50,교통 분야,1
2016,경상남도,경상남도 김해시,남,10,도로 분야,1
2016,경상남도,경상남도 김해시,남,20,교통 분야,16
2016,경상남도,경상남도 김해시,남,20,도로 분야,11
2016,경상남도,경상남도 김해시,남,30,교통 분야,50
2016,경상남도,경상남도 김해시,남,30,도로 분야,78
2016,경상남도,경상남도 김해시,남,40,교통 분야,34
2016,경상남도,경상남도 김해시,남,40,도로 분야,29
2016,경상남도,경상남도 김해시,남,50,교통 분야,84
2016,경상남도,경상남도 김해시,남,50,도로 분야,9
2016,경상남도,경상남도 김해시,남,60,교통 분야,1
2016,경상남도,경상남도 김해시,남,60,도로 분야,1
2016,경상남도,경상남도 김해시,남,70,교통 분야,1
2016,경상남도,경상남도 김해시,남,70,도로 분야,1
2016,경상남도,경상남도 김해시,여,20,교통 분야,4
2016,경상남도,경상남도 김해시,여,20,도로 분야,5
2016,경상남도,경상남도 김해시,여,30,교통 분야,22
2016,경상남도,경상남도 김해시,여,30,도로 분야,25
2016,경상남도,경상남도 김해시,여,40,교통 분야,6
2016,경상남도,경상남도 김해시,여,40,도로 분야,9
2016,경상남도,경상남도 김해시,여,50,교통 분야,1
2016,경상남도,경상남도 김해시,여,50,도로 분야,3
2016,경상남도,경상남도 김해시,여,60,교통 분야,1
2016,경상남도,경상남도 남해군,남,20,교통 분야,1
2016,경상남도,경상남도 남해군,남,30,교통 분야,2
2016,경상남도,경상남도 남해군,남,30,도로 분야,2
2016,경상남도,경상남도 남해군,남,40,교통 분야,4
2016,경상남도,경상남도 남해군,남,40,도로 분야,3
2016,경상남도,경상남도 남해군,남,50,도로 분야,2
2016,경상남도,경상남도 남해군,여,30,도로 분야,2
2016,경상남도,경상남도 남해군,여,40,교통 분야,3
2016,경상남도,경상남도 남해군,여,40,도로 분야,1
2016,경상남도,경상남도 밀양시,남,20,교통 분야,16
2016,경상남도,경상남도 밀양시,남,20,도로 분야,2
2016,경상남도,경상남도 밀양시,남,30,교통 분야,1
2016,경상남도,경상남도 밀양시,남,30,도로 분야,5
2016,경상남도,경상남도 밀양시,남,40,도로 분야,3
2016,경상남도,경상남도 밀양시,남,50,교통 분야,1
2016,경상남도,경상남도 밀양시,남,70,도로 분야,1
2016,경상남도,경상남도 밀양시,여,30,교통 분야,3
2016,경상남도,경상남도 밀양시,여,40,교통 분야,1
2016,경상남도,경상남도 밀양시,여,50,교통 분야,2
2016,경상남도,경상남도 밀양시,여,50,도로 분야,2
2016,경상남도,경상남도 밀양시,여,60,도로 분야,2
2016,경상남도,경상남도 사천시,남,20,교통 분야,1
2016,경상남도,경상남도 사천시,남,20,도로 분야,1
2016,경상남도,경상남도 사천시,남,30,교통 분야,4
2016,경상남도,경상남도 사천시,남,30,도로 분야,8
2016,경상남도,경상남도 사천시,남,40,교통 분야,2
2016,경상남도,경상남도 사천시,남,40,도로 분야,4
2016,경상남도,경상남도 사천시,남,50,교통 분야,1
2016,경상남도,경상남도 사천시,남,50,도로 분야,1
2016,경상남도,경상남도 사천시,남,60,교통 분야,1
2016,경상남도,경상남도 사천시,여,20,도로 분야,1
2016,경상남도,경상남도 사천시,여,30,교통 분야,1
2016,경상남도,경상남도 사천시,여,30,도로 분야,2
2016,경상남도,경상남도 사천시,여,40,교통 분야,1
2016,경상남도,경상남도 사천시,여,60,도로 분야,1
2016,경상남도,경상남도 산청군,남,20,도로 분야,1
2016,경상남도,경상남도 산청군,남,30,도로 분야,2
2016,경상남도,경상남도 산청군,남,40,도로 분야,1
2016,경상남도,경상남도 산청군,여,20,도로 분야,1
2016,경상남도,경상남도 산청군,여,30,도로 분야,1
2016,경상남도,경상남도 양산시,남,20,교통 분야,10
2016,경상남도,경상남도 양산시,남,20,도로 분야,6
2016,경상남도,경상남도 양산시,남,30,교통 분야,32
2016,경상남도,경상남도 양산시,남,30,도로 분야,17
2016,경상남도,경상남도 양산시,남,40,교통 분야,14
2016,경상남도,경상남도 양산시,남,40,도로 분야,18
2016,경상남도,경상남도 양산시,남,50,교통 분야,13
2016,경상남도,경상남도 양산시,남,50,도로 분야,9
2016,경상남도,경상남도 양산시,남,60,교통 분야,5
2016,경상남도,경상남도 양산시,남,60,도로 분야,2
2016,경상남도,경상남도 양산시,여,20,교통 분야,8
2016,경상남도,경상남도 양산시,여,20,도로 분야,5
2016,경상남도,경상남도 양산시,여,30,교통 분야,13
2016,경상남도,경상남도 양산시,여,30,도로 분야,5
2016,경상남도,경상남도 양산시,여,40,교통 분야,3
2016,경상남도,경상남도 양산시,여,40,도로 분야,3
2016,경상남도,경상남도 양산시,여,50,교통 분야,1
2016,경상남도,경상남도 양산시,여,50,도로 분야,4
2016,경상남도,경상남도 의령군,남,20,교통 분야,1
2016,경상남도,경상남도 의령군,남,40,도로 분야,2
2016,경상남도,경상남도 의령군,남,50,교통 분야,1
2016,경상남도,경상남도 의령군,남,50,도로 분야,2
2016,경상남도,경상남도 의령군,남,60,교통 분야,1
2016,경상남도,경상남도 의령군,여,30,교통 분야,3
2016,경상남도,경상남도 의령군,여,40,교통 분야,1
2016,경상남도,경상남도 진주시,남,10,교통 분야,1
2016,경상남도,경상남도 진주시,남,20,교통 분야,6
2016,경상남도,경상남도 진주시,남,20,도로 분야,6
2016,경상남도,경상남도 진주시,남,30,교통 분야,20
2016,경상남도,경상남도 진주시,남,30,도로 분야,29
2016,경상남도,경상남도 진주시,남,40,교통 분야,14
2016,경상남도,경상남도 진주시,남,40,도로 분야,14
2016,경상남도,경상남도 진주시,남,50,교통 분야,12
2016,경상남도,경상남도 진주시,남,50,도로 분야,7
2016,경상남도,경상남도 진주시,남,60,교통 분야,2
2016,경상남도,경상남도 진주시,남,60,도로 분야,3
2016,경상남도,경상남도 진주시,남,80,도로 분야,1
2016,경상남도,경상남도 진주시,여,20,교통 분야,3
2016,경상남도,경상남도 진주시,여,30,교통 분야,6
2016,경상남도,경상남도 진주시,여,30,도로 분야,9
2016,경상남도,경상남도 진주시,여,40,교통 분야,5
2016,경상남도,경상남도 진주시,여,40,도로 분야,8
2016,경상남도,경상남도 진주시,여,50,교통 분야,1
2016,경상남도,경상남도 진주시,여,50,도로 분야,1
2016,경상남도,경상남도 창녕군,남,20,도로 분야,1
2016,경상남도,경상남도 창녕군,남,30,교통 분야,5
2016,경상남도,경상남도 창녕군,남,30,도로 분야,10
2016,경상남도,경상남도 창녕군,남,40,도로 분야,3
2016,경상남도,경상남도 창녕군,남,50,도로 분야,1
2016,경상남도,경상남도 창녕군,여,30,도로 분야,1
2016,경상남도,경상남도 창녕군,여,40,도로 분야,2
2016,경상남도,경상남도 창녕군,여,50,도로 분야,1
2016,경상남도,경상남도 창원시,남,40,교통 분야,1
2016,경상남도,경상남도 창원시 마산합포구,남,20,교통 분야,7
2016,경상남도,경상남도 창원시 마산합포구,남,20,도로 분야,5
2016,경상남도,경상남도 창원시 마산합포구,남,30,교통 분야,18
2016,경상남도,경상남도 창원시 마산합포구,남,30,도로 분야,7
2016,경상남도,경상남도 창원시 마산합포구,남,40,교통 분야,20
2016,경상남도,경상남도 창원시 마산합포구,남,40,도로 분야,6
2016,경상남도,경상남도 창원시 마산합포구,남,50,교통 분야,2
2016,경상남도,경상남도 창원시 마산합포구,남,50,도로 분야,2
2016,경상남도,경상남도 창원시 마산합포구,남,60,도로 분야,1
2016,경상남도,경상남도 창원시 마산합포구,여,10,교통 분야,5
2016,경상남도,경상남도 창원시 마산합포구,여,20,교통 분야,9
2016,경상남도,경상남도 창원시 마산합포구,여,20,도로 분야,3
2016,경상남도,경상남도 창원시 마산합포구,여,30,교통 분야,10
2016,경상남도,경상남도 창원시 마산합포구,여,40,교통 분야,6
2016,경상남도,경상남도 창원시 마산합포구,여,40,도로 분야,3
2016,경상남도,경상남도 창원시 마산합포구,여,50,교통 분야,1
2016,경상남도,경상남도 창원시 마산합포구,여,60,교통 분야,1
2016,경상남도,경상남도 창원시 마산합포구,여,60,도로 분야,1
2016,경상남도,경상남도 창원시 마산회원구,남,10,교통 분야,3
2016,경상남도,경상남도 창원시 마산회원구,남,20,교통 분야,7
2016,경상남도,경상남도 창원시 마산회원구,남,20,도로 분야,4
2016,경상남도,경상남도 창원시 마산회원구,남,30,교통 분야,10
2016,경상남도,경상남도 창원시 마산회원구,남,30,도로 분야,14
2016,경상남도,경상남도 창원시 마산회원구,남,40,교통 분야,22
2016,경상남도,경상남도 창원시 마산회원구,남,40,도로 분야,8
2016,경상남도,경상남도 창원시 마산회원구,남,50,교통 분야,4
2016,경상남도,경상남도 창원시 마산회원구,남,50,도로 분야,3
2016,경상남도,경상남도 창원시 마산회원구,여,20,교통 분야,2
2016,경상남도,경상남도 창원시 마산회원구,여,30,교통 분야,16
2016,경상남도,경상남도 창원시 마산회원구,여,30,도로 분야,3
2016,경상남도,경상남도 창원시 마산회원구,여,40,도로 분야,2
2016,경상남도,경상남도 창원시 마산회원구,여,50,도로 분야,1
2016,경상남도,경상남도 창원시 성산구,남,10,도로 분야,1
2016,경상남도,경상남도 창원시 성산구,남,20,교통 분야,6
2016,경상남도,경상남도 창원시 성산구,남,20,도로 분야,2
2016,경상남도,경상남도 창원시 성산구,남,30,교통 분야,18
2016,경상남도,경상남도 창원시 성산구,남,30,도로 분야,8
2016,경상남도,경상남도 창원시 성산구,남,40,교통 분야,18
2016,경상남도,경상남도 창원시 성산구,남,40,도로 분야,12
2016,경상남도,경상남도 창원시 성산구,남,50,교통 분야,4
2016,경상남도,경상남도 창원시 성산구,남,50,도로 분야,19
2016,경상남도,경상남도 창원시 성산구,남,60,교통 분야,2
2016,경상남도,경상남도 창원시 성산구,남,60,도로 분야,6
2016,경상남도,경상남도 창원시 성산구,남,70,도로 분야,1
2016,경상남도,경상남도 창원시 성산구,여,20,교통 분야,6
2016,경상남도,경상남도 창원시 성산구,여,20,도로 분야,1
2016,경상남도,경상남도 창원시 성산구,여,30,교통 분야,6
2016,경상남도,경상남도 창원시 성산구,여,30,도로 분야,8
2016,경상남도,경상남도 창원시 성산구,여,40,도로 분야,2
2016,경상남도,경상남도 창원시 성산구,여,50,교통 분야,1
2016,경상남도,경상남도 창원시 의창구,남,20,교통 분야,10
2016,경상남도,경상남도 창원시 의창구,남,20,도로 분야,5
2016,경상남도,경상남도 창원시 의창구,남,30,교통 분야,19
2016,경상남도,경상남도 창원시 의창구,남,30,도로 분야,20
2016,경상남도,경상남도 창원시 의창구,남,40,교통 분야,16
2016,경상남도,경상남도 창원시 의창구,남,40,도로 분야,10
2016,경상남도,경상남도 창원시 의창구,남,50,교통 분야,1
2016,경상남도,경상남도 창원시 의창구,남,50,도로 분야,4
2016,경상남도,경상남도 창원시 의창구,남,60,도로 분야,1
2016,경상남도,경상남도 창원시 의창구,여,20,교통 분야,1
2016,경상남도,경상남도 창원시 의창구,여,30,교통 분야,7
2016,경상남도,경상남도 창원시 의창구,여,30,도로 분야,3
2016,경상남도,경상남도 창원시 의창구,여,40,교통 분야,1
2016,경상남도,경상남도 창원시 의창구,여,40,도로 분야,3
2016,경상남도,경상남도 창원시 의창구,여,50,교통 분야,3
2016,경상남도,경상남도 창원시 의창구,여,50,도로 분야,1
2016,경상남도,경상남도 창원시 의창구,여,60,교통 분야,1
2016,경상남도,경상남도 창원시 의창구,여,60,도로 분야,1
2016,경상남도,경상남도 창원시 진해구,남,10,교통 분야,1
2016,경상남도,경상남도 창원시 진해구,남,20,교통 분야,4
2016,경상남도,경상남도 창원시 진해구,남,20,도로 분야,2
2016,경상남도,경상남도 창원시 진해구,남,30,교통 분야,4
2016,경상남도,경상남도 창원시 진해구,남,30,도로 분야,9
2016,경상남도,경상남도 창원시 진해구,남,40,교통 분야,13
2016,경상남도,경상남도 창원시 진해구,남,40,도로 분야,10
2016,경상남도,경상남도 창원시 진해구,남,50,교통 분야,7
2016,경상남도,경상남도 창원시 진해구,남,50,도로 분야,10
2016,경상남도,경상남도 창원시 진해구,여,20,교통 분야,1
2016,경상남도,경상남도 창원시 진해구,여,30,교통 분야,2
2016,경상남도,경상남도 창원시 진해구,여,30,도로 분야,2
2016,경상남도,경상남도 창원시 진해구,여,40,도로 분야,2
2016,경상남도,경상남도 창원시 진해구,여,50,교통 분야,3
2016,경상남도,경상남도 창원시 진해구,여,50,도로 분야,5
2016,경상남도,경상남도 통영시,남,20,도로 분야,2
2016,경상남도,경상남도 통영시,남,30,교통 분야,20
2016,경상남도,경상남도 통영시,남,30,도로 분야,7
2016,경상남도,경상남도 통영시,남,40,교통 분야,3
2016,경상남도,경상남도 통영시,남,40,도로 분야,8
2016,경상남도,경상남도 통영시,남,50,교통 분야,3
2016,경상남도,경상남도 통영시,남,50,도로 분야,1
2016,경상남도,경상남도 통영시,남,60,교통 분야,1
2016,경상남도,경상남도 통영시,남,60,도로 분야,4
2016,경상남도,경상남도 통영시,여,20,도로 분야,2
2016,경상남도,경상남도 통영시,여,30,교통 분야,3
2016,경상남도,경상남도 통영시,여,30,도로 분야,1
2016,경상남도,경상남도 통영시,여,40,교통 분야,2
2016,경상남도,경상남도 통영시,여,50,교통 분야,3
2016,경상남도,경상남도 하동군,남,20,교통 분야,3
2016,경상남도,경상남도 하동군,남,20,도로 분야,3
2016,경상남도,경상남도 하동군,남,30,교통 분야,1
2016,경상남도,경상남도 하동군,남,30,도로 분야,2
2016,경상남도,경상남도 하동군,남,40,교통 분야,7
2016,경상남도,경상남도 하동군,남,40,도로 분야,7
2016,경상남도,경상남도 하동군,남,50,도로 분야,1
2016,경상남도,경상남도 하동군,남,60,도로 분야,2
2016,경상남도,경상남도 하동군,남,70,교통 분야,1
2016,경상남도,경상남도 하동군,남,70,도로 분야,1
2016,경상남도,경상남도 하동군,여,20,교통 분야,1
2016,경상남도,경상남도 하동군,여,20,도로 분야,2
2016,경상남도,경상남도 하동군,여,30,도로 분야,1
2016,경상남도,경상남도 하동군,여,40,도로 분야,1
2016,경상남도,경상남도 함안군,남,30,교통 분야,8
2016,경상남도,경상남도 함안군,남,30,도로 분야,1
2016,경상남도,경상남도 함안군,남,40,교통 분야,2
2016,경상남도,경상남도 함안군,남,40,도로 분야,5
2016,경상남도,경상남도 함안군,여,20,교통 분야,2
2016,경상남도,경상남도 함안군,여,30,도로 분야,1
2016,경상남도,경상남도 함안군,여,50,교통 분야,3
2016,경상남도,경상남도 함안군,여,60,교통 분야,2
2016,경상남도,경상남도 함양군,남,30,교통 분야,3
2016,경상남도,경상남도 함양군,남,30,도로 분야,1
2016,경상남도,경상남도 함양군,남,40,도로 분야,3
2016,경상남도,경상남도 함양군,남,50,도로 분야,1
2016,경상남도,경상남도 함양군,남,60,교통 분야,1
2016,경상남도,경상남도 함양군,여,60,도로 분야,1
2016,경상남도,경상남도 합천군,남,30,교통 분야,1
2016,경상남도,경상남도 합천군,남,30,도로 분야,4
2016,경상남도,경상남도 합천군,남,40,교통 분야,1
2016,경상남도,경상남도 합천군,남,40,도로 분야,2
2016,경상남도,경상남도 합천군,여,20,도로 분야,4
2016,경상남도,경상남도 합천군,여,30,도로 분야,1
2016,경상남도,경상남도 합천군,여,40,도로 분야,1
2015,경상남도,경상남도 거제시,남,20,교통 분야,7
2015,경상남도,경상남도 거제시,남,20,도로 분야,2
2015,경상남도,경상남도 거제시,남,30,교통 분야,24
2015,경상남도,경상남도 거제시,남,30,도로 분야,22
2015,경상남도,경상남도 거제시,남,40,교통 분야,24
2015,경상남도,경상남도 거제시,남,40,도로 분야,14
2015,경상남도,경상남도 거제시,남,50,교통 분야,1
2015,경상남도,경상남도 거제시,남,50,도로 분야,6
2015,경상남도,경상남도 거제시,남,60,교통 분야,1
2015,경상남도,경상남도 거제시,남,60,도로 분야,4
2015,경상남도,경상남도 거제시,여,20,교통 분야,1
2015,경상남도,경상남도 거제시,여,30,교통 분야,15
2015,경상남도,경상남도 거제시,여,30,도로 분야,16
2015,경상남도,경상남도 거제시,여,40,교통 분야,1
2015,경상남도,경상남도 거제시,여,40,도로 분야,5
2015,경상남도,경상남도 거제시,여,50,교통 분야,1
2015,경상남도,경상남도 거제시,여,50,도로 분야,1
2015,경상남도,경상남도 거제시,여,60,도로 분야,1
2015,경상남도,경상남도 거창군,남,20,도로 분야,3
2015,경상남도,경상남도 거창군,남,30,교통 분야,1
2015,경상남도,경상남도 거창군,남,30,도로 분야,1
2015,경상남도,경상남도 거창군,남,40,교통 분야,1
2015,경상남도,경상남도 거창군,남,40,도로 분야,4
2015,경상남도,경상남도 거창군,남,50,도로 분야,2
2015,경상남도,경상남도 거창군,남,60,도로 분야,1
2015,경상남도,경상남도 거창군,여,30,교통 분야,3
2015,경상남도,경상남도 거창군,여,30,도로 분야,16
2015,경상남도,경상남도 거창군,여,40,도로 분야,33
2015,경상남도,경상남도 거창군,여,50,도로 분야,1
2015,경상남도,경상남도 고성군,남,30,교통 분야,2
2015,경상남도,경상남도 고성군,남,30,도로 분야,5
2015,경상남도,경상남도 고성군,남,40,교통 분야,1
2015,경상남도,경상남도 고성군,남,40,도로 분야,2
2015,경상남도,경상남도 고성군,남,50,교통 분야,3
2015,경상남도,경상남도 고성군,남,50,도로 분야,1
2015,경상남도,경상남도 고성군,남,60,교통 분야,5
2015,경상남도,경상남도 고성군,남,60,도로 분야,2
2015,경상남도,경상남도 고성군,남,70,도로 분야,1
2015,경상남도,경상남도 고성군,여,60,도로 분야,4
2015,경상남도,경상남도 김해시,남,10,교통 분야,3
2015,경상남도,경상남도 김해시,남,20,교통 분야,8
2015,경상남도,경상남도 김해시,남,20,도로 분야,11
2015,경상남도,경상남도 김해시,남,30,교통 분야,40
2015,경상남도,경상남도 김해시,남,30,도로 분야,40
2015,경상남도,경상남도 김해시,남,40,교통 분야,88
2015,경상남도,경상남도 김해시,남,40,도로 분야,43
2015,경상남도,경상남도 김해시,남,50,교통 분야,14
2015,경상남도,경상남도 김해시,남,50,도로 분야,10
2015,경상남도,경상남도 김해시,남,60,교통 분야,3
2015,경상남도,경상남도 김해시,남,60,도로 분야,6
2015,경상남도,경상남도 김해시,남,70,도로 분야,1
2015,경상남도,경상남도 김해시,남,80,도로 분야,1
2015,경상남도,경상남도 김해시,여,10,교통 분야,1
2015,경상남도,경상남도 김해시,여,20,교통 분야,7
2015,경상남도,경상남도 김해시,여,20,도로 분야,2
2015,경상남도,경상남도 김해시,여,30,교통 분야,24
2015,경상남도,경상남도 김해시,여,30,도로 분야,9
2015,경상남도,경상남도 김해시,여,40,교통 분야,9
2015,경상남도,경상남도 김해시,여,40,도로 분야,13
2015,경상남도,경상남도 김해시,여,50,교통 분야,2
2015,경상남도,경상남도 김해시,여,50,도로 분야,1
2015,경상남도,경상남도 김해시,여,60,교통 분야,3
2015,경상남도,경상남도 김해시,여,60,도로 분야,3
2015,경상남도,경상남도 남해군,남,30,교통 분야,1
2015,경상남도,경상남도 남해군,남,30,도로 분야,3
2015,경상남도,경상남도 남해군,남,40,도로 분야,1
2015,경상남도,경상남도 남해군,남,50,교통 분야,1
2015,경상남도,경상남도 남해군,남,60,도로 분야,3
2015,경상남도,경상남도 남해군,남,70,도로 분야,1
2015,경상남도,경상남도 남해군,여,20,도로 분야,1
2015,경상남도,경상남도 남해군,여,30,도로 분야,2
2015,경상남도,경상남도 남해군,여,50,도로 분야,1
2015,경상남도,경상남도 밀양시,남,20,도로 분야,3
2015,경상남도,경상남도 밀양시,남,30,교통 분야,2
2015,경상남도,경상남도 밀양시,남,30,도로 분야,6
2015,경상남도,경상남도 밀양시,남,40,교통 분야,5
2015,경상남도,경상남도 밀양시,남,40,도로 분야,2
2015,경상남도,경상남도 밀양시,남,50,도로 분야,1
2015,경상남도,경상남도 밀양시,남,70,도로 분야,1
2015,경상남도,경상남도 밀양시,여,20,교통 분야,3
2015,경상남도,경상남도 밀양시,여,30,교통 분야,2
2015,경상남도,경상남도 밀양시,여,30,도로 분야,1
2015,경상남도,경상남도 사천시,남,20,교통 분야,2
2015,경상남도,경상남도 사천시,남,30,교통 분야,1
2015,경상남도,경상남도 사천시,남,30,도로 분야,3
2015,경상남도,경상남도 사천시,남,40,교통 분야,2
2015,경상남도,경상남도 사천시,남,40,도로 분야,3
2015,경상남도,경상남도 사천시,남,50,교통 분야,4
2015,경상남도,경상남도 사천시,여,30,도로 분야,2
2015,경상남도,경상남도 사천시,여,40,교통 분야,1
2015,경상남도,경상남도 산청군,남,50,교통 분야,1
2015,경상남도,경상남도 산청군,남,50,도로 분야,2
2015,경상남도,경상남도 산청군,남,60,도로 분야,1
2015,경상남도,경상남도 산청군,여,30,교통 분야,1
2015,경상남도,경상남도 산청군,여,30,도로 분야,2
2015,경상남도,경상남도 양산시,남,10,교통 분야,1
2015,경상남도,경상남도 양산시,남,20,교통 분야,8
2015,경상남도,경상남도 양산시,남,20,도로 분야,4
2015,경상남도,경상남도 양산시,남,30,교통 분야,17
2015,경상남도,경상남도 양산시,남,30,도로 분야,15
2015,경상남도,경상남도 양산시,남,40,교통 분야,8
2015,경상남도,경상남도 양산시,남,40,도로 분야,9
2015,경상남도,경상남도 양산시,남,50,교통 분야,10
2015,경상남도,경상남도 양산시,남,50,도로 분야,4
2015,경상남도,경상남도 양산시,남,60,교통 분야,1
2015,경상남도,경상남도 양산시,남,60,도로 분야,4
2015,경상남도,경상남도 양산시,여,20,교통 분야,4
2015,경상남도,경상남도 양산시,여,20,도로 분야,1
2015,경상남도,경상남도 양산시,여,30,교통 분야,5
2015,경상남도,경상남도 양산시,여,30,도로 분야,1
2015,경상남도,경상남도 양산시,여,40,교통 분야,2
2015,경상남도,경상남도 양산시,여,40,도로 분야,1
2015,경상남도,경상남도 양산시,여,50,교통 분야,1
2015,경상남도,경상남도 양산시,여,50,도로 분야,1
2015,경상남도,경상남도 양산시,여,60,도로 분야,4
2015,경상남도,경상남도 의령군,남,60,도로 분야,1
2015,경상남도,경상남도 의령군,여,20,도로 분야,1
2015,경상남도,경상남도 의령군,여,30,교통 분야,2
2015,경상남도,경상남도 진주시,남,10,교통 분야,3
2015,경상남도,경상남도 진주시,남,20,교통 분야,15
2015,경상남도,경상남도 진주시,남,20,도로 분야,4
2015,경상남도,경상남도 진주시,남,30,교통 분야,7
2015,경상남도,경상남도 진주시,남,30,도로 분야,29
2015,경상남도,경상남도 진주시,남,40,교통 분야,10
2015,경상남도,경상남도 진주시,남,40,도로 분야,15
2015,경상남도,경상남도 진주시,남,50,교통 분야,6
2015,경상남도,경상남도 진주시,남,50,도로 분야,3
2015,경상남도,경상남도 진주시,남,60,도로 분야,1
2015,경상남도,경상남도 진주시,남,70,도로 분야,1
2015,경상남도,경상남도 진주시,여,20,도로 분야,1
2015,경상남도,경상남도 진주시,여,30,교통 분야,11
2015,경상남도,경상남도 진주시,여,30,도로 분야,4
2015,경상남도,경상남도 진주시,여,40,교통 분야,2
2015,경상남도,경상남도 진주시,여,40,도로 분야,1
2015,경상남도,경상남도 진주시,여,50,교통 분야,1
2015,경상남도,경상남도 진주시,여,50,도로 분야,1
2015,경상남도,경상남도 진주시,여,70,도로 분야,1
2015,경상남도,경상남도 진해시,남,40,교통 분야,1
2015,경상남도,경상남도 진해시,여,40,도로 분야,3
2015,경상남도,경상남도 진해시,여,60,교통 분야,1
2015,경상남도,경상남도 진해시,여,60,도로 분야,1
2015,경상남도,경상남도 창녕군,남,20,도로 분야,1
2015,경상남도,경상남도 창녕군,남,30,도로 분야,4
2015,경상남도,경상남도 창녕군,남,40,교통 분야,1
2015,경상남도,경상남도 창녕군,남,40,도로 분야,4
2015,경상남도,경상남도 창녕군,남,50,도로 분야,5
2015,경상남도,경상남도 창녕군,남,60,교통 분야,1
2015,경상남도,경상남도 창녕군,여,30,교통 분야,3
2015,경상남도,경상남도 창원시 마산합포구,남,20,교통 분야,5
2015,경상남도,경상남도 창원시 마산합포구,남,20,도로 분야,2
2015,경상남도,경상남도 창원시 마산합포구,남,30,교통 분야,8
2015,경상남도,경상남도 창원시 마산합포구,남,30,도로 분야,5
2015,경상남도,경상남도 창원시 마산합포구,남,40,교통 분야,7
2015,경상남도,경상남도 창원시 마산합포구,남,40,도로 분야,4
2015,경상남도,경상남도 창원시 마산합포구,남,50,교통 분야,2
2015,경상남도,경상남도 창원시 마산합포구,남,50,도로 분야,7
2015,경상남도,경상남도 창원시 마산합포구,남,60,도로 분야,1
2015,경상남도,경상남도 창원시 마산합포구,여,30,교통 분야,2
2015,경상남도,경상남도 창원시 마산합포구,여,30,도로 분야,3
2015,경상남도,경상남도 창원시 마산합포구,여,40,교통 분야,3
2015,경상남도,경상남도 창원시 마산합포구,여,50,교통 분야,2
2015,경상남도,경상남도 창원시 마산합포구,여,50,도로 분야,1
2015,경상남도,경상남도 창원시 마산회원구,남,20,교통 분야,5
2015,경상남도,경상남도 창원시 마산회원구,남,20,도로 분야,4
2015,경상남도,경상남도 창원시 마산회원구,남,30,교통 분야,9
2015,경상남도,경상남도 창원시 마산회원구,남,30,도로 분야,6
2015,경상남도,경상남도 창원시 마산회원구,남,40,교통 분야,11
2015,경상남도,경상남도 창원시 마산회원구,남,40,도로 분야,7
2015,경상남도,경상남도 창원시 마산회원구,남,50,교통 분야,4
2015,경상남도,경상남도 창원시 마산회원구,남,50,도로 분야,4
2015,경상남도,경상남도 창원시 마산회원구,남,60,교통 분야,1
2015,경상남도,경상남도 창원시 마산회원구,남,60,도로 분야,1
2015,경상남도,경상남도 창원시 마산회원구,남,70,도로 분야,1
2015,경상남도,경상남도 창원시 마산회원구,여,20,교통 분야,1
2015,경상남도,경상남도 창원시 마산회원구,여,20,도로 분야,1
2015,경상남도,경상남도 창원시 마산회원구,여,30,교통 분야,6
2015,경상남도,경상남도 창원시 마산회원구,여,30,도로 분야,1
2015,경상남도,경상남도 창원시 마산회원구,여,40,교통 분야,2
2015,경상남도,경상남도 창원시 성산구,남,10,교통 분야,1
2015,경상남도,경상남도 창원시 성산구,남,20,교통 분야,12
2015,경상남도,경상남도 창원시 성산구,남,20,도로 분야,1
2015,경상남도,경상남도 창원시 성산구,남,30,교통 분야,20
2015,경상남도,경상남도 창원시 성산구,남,30,도로 분야,18
2015,경상남도,경상남도 창원시 성산구,남,40,교통 분야,7
2015,경상남도,경상남도 창원시 성산구,남,40,도로 분야,7
2015,경상남도,경상남도 창원시 성산구,남,50,교통 분야,12
2015,경상남도,경상남도 창원시 성산구,남,50,도로 분야,110
2015,경상남도,경상남도 창원시 성산구,남,60,도로 분야,4
2015,경상남도,경상남도 창원시 성산구,여,20,교통 분야,5
2015,경상남도,경상남도 창원시 성산구,여,20,도로 분야,1
2015,경상남도,경상남도 창원시 성산구,여,30,도로 분야,5
2015,경상남도,경상남도 창원시 성산구,여,40,교통 분야,6
2015,경상남도,경상남도 창원시 의창구,남,10,교통 분야,1
2015,경상남도,경상남도 창원시 의창구,남,20,교통 분야,5
2015,경상남도,경상남도 창원시 의창구,남,20,도로 분야,3
2015,경상남도,경상남도 창원시 의창구,남,30,교통 분야,14
2015,경상남도,경상남도 창원시 의창구,남,30,도로 분야,16
2015,경상남도,경상남도 창원시 의창구,남,40,교통 분야,9
2015,경상남도,경상남도 창원시 의창구,남,40,도로 분야,11
2015,경상남도,경상남도 창원시 의창구,남,50,교통 분야,3
2015,경상남도,경상남도 창원시 의창구,남,50,도로 분야,5
2015,경상남도,경상남도 창원시 의창구,남,60,교통 분야,2
2015,경상남도,경상남도 창원시 의창구,남,60,도로 분야,7
2015,경상남도,경상남도 창원시 의창구,남,70,도로 분야,1
2015,경상남도,경상남도 창원시 의창구,여,10,교통 분야,1
2015,경상남도,경상남도 창원시 의창구,여,20,교통 분야,3
2015,경상남도,경상남도 창원시 의창구,여,20,도로 분야,1
2015,경상남도,경상남도 창원시 의창구,여,30,교통 분야,3
2015,경상남도,경상남도 창원시 의창구,여,30,도로 분야,1
2015,경상남도,경상남도 창원시 의창구,여,40,교통 분야,6
2015,경상남도,경상남도 창원시 의창구,여,40,도로 분야,2
2015,경상남도,경상남도 창원시 의창구,여,50,교통 분야,1
2015,경상남도,경상남도 창원시 의창구,여,50,도로 분야,2
2015,경상남도,경상남도 창원시 진해구,남,20,교통 분야,3
2015,경상남도,경상남도 창원시 진해구,남,30,교통 분야,15
2015,경상남도,경상남도 창원시 진해구,남,30,도로 분야,13
2015,경상남도,경상남도 창원시 진해구,남,40,교통 분야,16
2015,경상남도,경상남도 창원시 진해구,남,40,도로 분야,15
2015,경상남도,경상남도 창원시 진해구,남,50,교통 분야,8
2015,경상남도,경상남도 창원시 진해구,남,50,도로 분야,9
2015,경상남도,경상남도 창원시 진해구,남,60,도로 분야,5
2015,경상남도,경상남도 창원시 진해구,여,20,도로 분야,3
2015,경상남도,경상남도 창원시 진해구,여,30,교통 분야,6
2015,경상남도,경상남도 창원시 진해구,여,30,도로 분야,5
2015,경상남도,경상남도 창원시 진해구,여,40,교통 분야,2
2015,경상남도,경상남도 창원시 진해구,여,40,도로 분야,5
2015,경상남도,경상남도 창원시 진해구,여,50,교통 분야,8
2015,경상남도,경상남도 창원시 진해구,여,60,도로 분야,1
2015,경상남도,경상남도 통영시,남,20,도로 분야,1
2015,경상남도,경상남도 통영시,남,30,교통 분야,10
2015,경상남도,경상남도 통영시,남,30,도로 분야,12
2015,경상남도,경상남도 통영시,남,40,교통 분야,5
2015,경상남도,경상남도 통영시,남,40,도로 분야,8
2015,경상남도,경상남도 통영시,남,50,교통 분야,4
2015,경상남도,경상남도 통영시,남,50,도로 분야,4
2015,경상남도,경상남도 통영시,남,60,도로 분야,1
2015,경상남도,경상남도 통영시,여,30,교통 분야,3
2015,경상남도,경상남도 통영시,여,30,도로 분야,1
2015,경상남도,경상남도 통영시,여,40,교통 분야,1
2015,경상남도,경상남도 통영시,여,50,교통 분야,1
2015,경상남도,경상남도 통영시,여,60,교통 분야,1
2015,경상남도,경상남도 통영시,여,60,도로 분야,4
2015,경상남도,경상남도 하동군,남,20,교통 분야,1
2015,경상남도,경상남도 하동군,남,20,도로 분야,1
2015,경상남도,경상남도 하동군,남,30,교통 분야,2
2015,경상남도,경상남도 하동군,남,30,도로 분야,2
2015,경상남도,경상남도 하동군,남,40,교통 분야,10
2015,경상남도,경상남도 하동군,남,40,도로 분야,4
2015,경상남도,경상남도 하동군,남,50,도로 분야,2
2015,경상남도,경상남도 하동군,남,70,교통 분야,1
2015,경상남도,경상남도 하동군,여,20,도로 분야,2
2015,경상남도,경상남도 하동군,여,30,도로 분야,2
2015,경상남도,경상남도 하동군,여,40,도로 분야,2
2015,경상남도,경상남도 함안군,남,20,교통 분야,1
2015,경상남도,경상남도 함안군,남,20,도로 분야,1
2015,경상남도,경상남도 함안군,남,30,교통 분야,2
2015,경상남도,경상남도 함안군,남,30,도로 분야,8
2015,경상남도,경상남도 함안군,남,40,도로 분야,2
2015,경상남도,경상남도 함안군,남,50,교통 분야,1
2015,경상남도,경상남도 함안군,남,50,도로 분야,1
2015,경상남도,경상남도 함안군,여,30,교통 분야,1
2015,경상남도,경상남도 함안군,여,30,도로 분야,2
2015,경상남도,경상남도 함안군,여,40,도로 분야,2
2015,경상남도,경상남도 함양군,남,30,교통 분야,2
2015,경상남도,경상남도 함양군,남,30,도로 분야,2
2015,경상남도,경상남도 함양군,남,40,교통 분야,1
2015,경상남도,경상남도 함양군,남,50,교통 분야,2
2015,경상남도,경상남도 함양군,남,50,도로 분야,4
2015,경상남도,경상남도 함양군,남,60,교통 분야,1
2015,경상남도,경상남도 함양군,여,30,교통 분야,1
2015,경상남도,경상남도 함양군,여,40,도로 분야,1
2015,경상남도,경상남도 합천군,남,30,교통 분야,5
2015,경상남도,경상남도 합천군,남,30,도로 분야,6
2015,경상남도,경상남도 합천군,남,40,교통 분야,2
2015,경상남도,경상남도 합천군,남,40,도로 분야,3
2015,경상남도,경상남도 합천군,남,50,도로 분야,3
2015,경상남도,경상남도 합천군,여,30,도로 분야,1
2015,경상남도,경상남도 합천군,여,40,교통 분야,1
2015,경상남도,경상남도 합천군,여,50,도로 분야,1
